submission_date,new_case,new_death,Admin_Dose_1_Daily,Administered_Dose1_Pop_Pct,Series_Complete_Daily,Series_Complete_Pop_Pct,Booster_Daily,Additional_Doses_Vax_Pct,Population Staying at Home,Population Not Staying at Home,Number of Trips,Number of Trips >=500
2020-01-22,0,0,,,,,,,1853446.0,8634638.0,39155121.0,16466.0
2020-01-23,0,0,,,,,,,1894941.0,8593143.0,38740334.0,18670.0
2020-01-24,0,0,,,,,,,1864086.0,8623998.0,39691859.0,19378.0
2020-01-25,0,0,,,,,,,2049145.0,8438939.0,38065676.0,17478.0
2020-01-26,0,0,,,,,,,2175018.0,8313066.0,33393079.0,19183.0
2020-01-27,0,0,,,,,,,1898103.0,8589981.0,37227665.0,18608.0
2020-01-28,0,0,,,,,,,1864260.0,8623824.0,38354291.0,16749.0
2020-01-29,0,0,,,,,,,1893777.0,8594307.0,38512637.0,18214.0
2020-01-30,0,0,,,,,,,1863487.0,8624597.0,37922866.0,30800.0
2020-01-31,0,0,,,,,,,1815486.0,8672598.0,37881588.0,37167.0
2020-02-01,0,0,,,,,,,2000599.0,8487485.0,37107983.0,34522.0
2020-02-02,0,0,,,,,,,2165409.0,8322675.0,33591561.0,35017.0
2020-02-03,0,0,,,,,,,1832185.0,8655899.0,38512871.0,36739.0
2020-02-04,0,0,,,,,,,1800697.0,8687387.0,38575899.0,35548.0
2020-02-05,0,0,,,,,,,1821059.0,8667025.0,38212799.0,37075.0
2020-02-06,0,0,,,,,,,1853175.0,8634909.0,34870201.0,35832.0
2020-02-07,0,0,,,,,,,1736657.0,8751427.0,39463427.0,34430.0
2020-02-08,0,0,,,,,,,2043577.0,8444507.0,36113471.0,35169.0
2020-02-09,0,0,,,,,,,2340222.0,8147862.0,29339544.0,45500.0
2020-02-10,0,0,,,,,,,1805535.0,8682549.0,35543114.0,51020.0
2020-02-11,0,0,,,,,,,1697968.0,8790116.0,35675352.0,49800.0
2020-02-12,0,0,,,,,,,1669671.0,8818413.0,37100927.0,54988.0
2020-02-13,0,0,,,,,,,1618088.0,8869996.0,35858307.0,57488.0
2020-02-14,0,0,,,,,,,1577730.0,8910354.0,39330167.0,61106.0
2020-02-15,0,0,,,,,,,1859413.0,8628671.0,35634542.0,56344.0
2020-02-16,0,0,,,,,,,2159811.0,8328273.0,30409228.0,56174.0
2020-02-17,0,0,,,,,,,2221416.0,8266668.0,29813009.0,48517.0
2020-02-18,0,0,,,,,,,1735795.0,8752289.0,34475691.0,54387.0
2020-02-19,0,0,,,,,,,1724859.0,8763225.0,35312778.0,49864.0
2020-02-20,0,0,,,,,,,1998660.0,8489424.0,33265536.0,40575.0
2020-02-21,0,0,,,,,,,1935447.0,8552637.0,33995850.0,47330.0
2020-02-22,0,0,,,,,,,1939746.0,8548338.0,35586745.0,46579.0
2020-02-23,0,0,,,,,,,2128189.0,8359895.0,31040561.0,29669.0
2020-02-24,0,0,,,,,,,1732121.0,8755963.0,34417198.0,39502.0
2020-02-25,0,0,,,,,,,1602881.0,8885203.0,36939772.0,41129.0
2020-02-26,0,0,,,,,,,1888873.0,8599211.0,40002779.0,28575.0
2020-02-27,0,0,,,,,,,1586973.0,8901111.0,36595038.0,29991.0
2020-02-28,0,0,,,,,,,1556563.0,8931521.0,38463179.0,31782.0
2020-02-29,0,0,,,,,,,1737648.0,8750436.0,36688427.0,29875.0
2020-03-01,0,0,,,,,,,2096736.0,8391348.0,34342367.0,37856.0
2020-03-02,0,0,,,,,,,1800166.0,8687918.0,40116600.0,40689.0
2020-03-03,1,0,,,,,,,1686524.0,8801560.0,41817081.0,24011.0
2020-03-04,0,0,,,,,,,1731128.0,8756956.0,42304575.0,24501.0
2020-03-05,0,0,,,,,,,1604870.0,8883214.0,41124090.0,25521.0
2020-03-06,0,0,,,,,,,1689886.0,8798198.0,42931550.0,24887.0
2020-03-07,1,0,,,,,,,1856951.0,8631133.0,41118621.0,29765.0
2020-03-08,0,0,,,,,,,2094778.0,8393306.0,35695034.0,29509.0
2020-03-09,0,0,,,,,,,1868635.0,8619449.0,40638396.0,24980.0
2020-03-10,5,0,,,,,,,1837979.0,8650105.0,40378505.0,24149.0
2020-03-11,0,0,,,,,,,1778122.0,8709962.0,42095053.0,53972.0
2020-03-12,2,0,,,,,,,1851721.0,8636363.0,42361912.0,51174.0
2020-03-13,8,1,,,,,,,1751255.0,8736829.0,43412466.0,49245.0
2020-03-14,5,0,,,,,,,2201397.0,8286687.0,40287907.0,55082.0
2020-03-15,10,0,,,,,,,2587226.0,7900858.0,32150497.0,27583.0
2020-03-16,1,0,,,,,,,2241067.0,8247017.0,38267682.0,26386.0
2020-03-17,6,0,,,,,,,2463101.0,8024983.0,35707256.0,23735.0
2020-03-18,23,0,,,,,,,2597437.0,7890647.0,36323243.0,22084.0
2020-03-19,42,0,,,,,,,2619157.0,7868927.0,35921314.0,21670.0
2020-03-20,49,0,,,,,,,2519196.0,7968888.0,37881269.0,22853.0
2020-03-21,56,0,,,,,,,2853878.0,7634206.0,33516196.0,22144.0
2020-03-22,78,0,,,,,,,2851646.0,7636438.0,26649007.0,19947.0
2020-03-23,38,1,,,,,,,2554520.0,7933564.0,29651198.0,19495.0
2020-03-24,98,0,,,,,,,2573156.0,7914928.0,30072503.0,19524.0
2020-03-25,121,1,,,,,,,2563424.0,7924660.0,30828181.0,18260.0
2020-03-26,117,1,,,,,,,2593090.0,7894994.0,31386174.0,17264.0
2020-03-27,130,1,,,,,,,2565333.0,7922751.0,32228963.0,18253.0
2020-03-28,173,1,,,,,,,2754079.0,7734005.0,30462936.0,20709.0
2020-03-29,141,1,,,,,,,2935697.0,7552387.0,26860575.0,21564.0
2020-03-30,129,4,,,,,,,2546053.0,7942031.0,30670564.0,20096.0
2020-03-31,194,2,,,,,,,2711797.0,7776287.0,28946695.0,21051.0
2020-04-01,151,3,,,,,,,2682424.0,7805660.0,29881072.0,19475.0
2020-04-02,276,9,,,,,,,2670559.0,7817525.0,30386977.0,21301.0
2020-04-03,238,3,,,,,,,2576147.0,7911937.0,32582020.0,20007.0
2020-04-04,286,11,,,,,,,2831504.0,7656580.0,29399165.0,24251.0
2020-04-05,257,11,,,,,,,2906290.0,7581794.0,26805678.0,23820.0
2020-04-06,252,9,,,,,,,2590792.0,7897292.0,31065308.0,14797.0
2020-04-07,262,4,,,,,,,2666163.0,7821921.0,31694302.0,12067.0
2020-04-08,300,9,,,,,,,2658243.0,7829841.0,31873198.0,12385.0
2020-04-09,248,9,,,,,,,2680429.0,7807655.0,31636826.0,12875.0
2020-04-10,295,10,,,,,,,2540563.0,7947521.0,32557011.0,14300.0
2020-04-11,236,7,,,,,,,2569811.0,7918273.0,33096002.0,13931.0
2020-04-12,305,9,,,,,,,3111310.0,7376774.0,23492475.0,10552.0
2020-04-13,299,18,,,,,,,2744156.0,7743928.0,30067934.0,9642.0
2020-04-14,185,17,,,,,,,2466738.0,8021346.0,35087353.0,15274.0
2020-04-15,171,16,,,,,,,2404822.0,8083262.0,34641008.0,16218.0
2020-04-16,294,23,,,,,,,2525230.0,7962854.0,35006309.0,13526.0
2020-04-17,393,26,,,,,,,2301981.0,8186103.0,36499830.0,16980.0
2020-04-18,293,14,,,,,,,2563252.0,7924832.0,34252397.0,16876.0
2020-04-19,354,19,,,,,,,2682910.0,7805174.0,27719288.0,17131.0
2020-04-20,292,15,,,,,,,2503240.0,7984844.0,31198449.0,21011.0
2020-04-21,218,18,,,,,,,2485723.0,8002361.0,32612129.0,12418.0
2020-04-22,297,20,,,,,,,2444658.0,8043426.0,32864325.0,10825.0
2020-04-23,396,13,,,,,,,2498846.0,7989238.0,30749165.0,12321.0
2020-04-24,470,17,,,,,,,2365505.0,8122579.0,34147474.0,11328.0
2020-04-25,433,16,,,,,,,2592071.0,7896013.0,31077315.0,12398.0
2020-04-26,295,21,,,,,,,2736157.0,7751927.0,28838211.0,11899.0
2020-04-27,411,24,,,,,,,2388070.0,8100014.0,33731294.0,12098.0
2020-04-28,447,15,,,,,,,2367037.0,8121047.0,34277524.0,12995.0
2020-04-29,357,15,,,,,,,2408720.0,8079364.0,33440657.0,11274.0
2020-04-30,566,19,,,,,,,2449075.0,8039009.0,32023700.0,10958.0
2020-05-01,408,14,,,,,,,2253289.0,8234795.0,35294147.0,10315.0
2020-05-02,467,17,,,,,,,2383197.0,8104887.0,34216790.0,10872.0
2020-05-03,339,13,,,,,,,2596522.0,7891562.0,30889448.0,11939.0
2020-05-04,239,19,,,,,,,2346698.0,8141386.0,34769319.0,11712.0
2020-05-05,316,18,,,,,,,2334328.0,8153756.0,33722629.0,9309.0
2020-05-06,438,25,,,,,,,2327543.0,8160541.0,33858542.0,14700.0
2020-05-07,631,12,,,,,,,2241140.0,8246944.0,34982352.0,20124.0
2020-05-08,504,19,,,,,,,2253485.0,8234599.0,35242994.0,9910.0
2020-05-09,466,19,,,,,,,2351254.0,8136830.0,35201523.0,9949.0
2020-05-10,484,11,,,,,,,2463413.0,8024671.0,31045921.0,10244.0
2020-05-11,267,25,,,,,,,2062710.0,8425374.0,36043029.0,14048.0
2020-05-12,326,15,,,,,,,2028906.0,8459178.0,37191489.0,11244.0
2020-05-13,431,18,,,,,,,2083883.0,8404201.0,34944703.0,17127.0
2020-05-14,690,14,,,,,,,2038763.0,8449321.0,35752688.0,19161.0
2020-05-15,811,14,,,,,,,2028041.0,8460043.0,36128178.0,21455.0
2020-05-16,736,8,,,,,,,2134982.0,8353102.0,35533276.0,22086.0
2020-05-17,481,11,,,,,,,2057040.0,8431044.0,34736430.0,12974.0
2020-05-18,409,15,,,,,,,1794490.0,8693594.0,38258293.0,7435.0
2020-05-19,517,12,,,,,,,1886771.0,8601313.0,35429981.0,10677.0
2020-05-20,509,19,,,,,,,1863258.0,8624826.0,35202487.0,13668.0
2020-05-21,812,15,,,,,,,1774434.0,8713650.0,36099515.0,18254.0
2020-05-22,789,18,,,,,,,1609189.0,8878895.0,39978342.0,21597.0
2020-05-23,944,20,,,,,,,1812727.0,8675357.0,38399624.0,20926.0
2020-05-24,568,22,,,,,,,2260805.0,8227279.0,30477626.0,40427.0
2020-05-25,556,19,,,,,,,2259859.0,8228225.0,29921716.0,40937.0
2020-05-26,463,32,,,,,,,2016048.0,8472036.0,33409161.0,44473.0
2020-05-27,618,28,,,,,,,2090580.0,8397504.0,33812704.0,25586.0
2020-05-28,658,25,,,,,,,2099349.0,8388735.0,34229603.0,13892.0
2020-05-29,1140,19,,,,,,,2301751.0,8186333.0,33750347.0,10392.0
2020-05-30,1059,20,,,,,,,2346691.0,8141393.0,34054857.0,11012.0
2020-05-31,905,19,,,,,,,2382087.0,8105997.0,31547066.0,13221.0
2020-06-01,779,21,,,,,,,2052835.0,8435249.0,34772706.0,14379.0
2020-06-02,629,17,,,,,,,2127890.0,8360194.0,34674276.0,17782.0
2020-06-03,819,21,,,,,,,1901572.0,8586512.0,37688059.0,20045.0
2020-06-04,1209,19,,,,,,,1945289.0,8542795.0,35813458.0,17747.0
2020-06-05,1253,10,,,,,,,1940945.0,8547139.0,36911994.0,18890.0
2020-06-06,1321,21,,,,,,,2252963.0,8235121.0,32759492.0,17561.0
2020-06-07,935,17,,,,,,,2320173.0,8167911.0,29811100.0,23873.0
2020-06-08,1110,13,,,,,,,1944167.0,8543917.0,36038212.0,17596.0
2020-06-09,828,21,,,,,,,2071705.0,8416379.0,34416068.0,20825.0
2020-06-10,860,13,,,,,,,2093569.0,8394515.0,33826627.0,27891.0
2020-06-11,1268,12,,,,,,,2007543.0,8480541.0,34575490.0,24728.0
2020-06-12,1623,12,,,,,,,2017525.0,8470559.0,35607820.0,18178.0
2020-06-13,1493,12,,,,,,,2094763.0,8393321.0,35651350.0,14878.0
2020-06-14,1346,21,,,,,,,2318115.0,8169969.0,29248079.0,19037.0
2020-06-15,1081,23,,,,,,,2231360.0,8256724.0,30846514.0,19107.0
2020-06-16,952,8,,,,,,,2249362.0,8238722.0,32058979.0,16778.0
2020-06-17,854,9,,,,,,,2129428.0,8358656.0,34653589.0,15589.0
2020-06-18,1367,13,,,,,,,2073381.0,8414703.0,35217334.0,16575.0
2020-06-19,1604,16,,,,,,,2048322.0,8439762.0,33892441.0,18946.0
2020-06-20,1476,17,,,,,,,2213314.0,8274770.0,32774876.0,19829.0
2020-06-21,1277,12,,,,,,,2372176.0,8115908.0,29713629.0,20168.0
2020-06-22,1104,20,,,,,,,2113154.0,8374930.0,32443431.0,22313.0
2020-06-23,1017,9,,,,,,,2047178.0,8440906.0,34705497.0,22211.0
2020-06-24,1287,18,,,,,,,2154813.0,8333271.0,32888800.0,18872.0
2020-06-25,1357,12,,,,,,,2083202.0,8404882.0,33876525.0,20101.0
2020-06-26,1604,17,,,,,,,2061865.0,8426219.0,34601473.0,20914.0
2020-06-27,1747,15,,,,,,,2169973.0,8318111.0,34127374.0,18601.0
2020-06-28,1528,12,,,,,,,2286389.0,8201695.0,29158803.0,24949.0
2020-06-29,1313,12,,,,,,,2224993.0,8263091.0,31919941.0,24455.0
2020-06-30,1240,17,,,,,,,2176888.0,8311196.0,31444096.0,30625.0
2020-07-01,1873,22,,,,,,,2100810.0,8387274.0,32123696.0,32345.0
2020-07-02,1577,11,,,,,,,2261871.0,8226213.0,35956658.0,21339.0
2020-07-03,2049,12,,,,,,,2384643.0,8103441.0,34406539.0,20803.0
2020-07-04,1444,12,,,,,,,2539830.0,7948254.0,29435623.0,17795.0
2020-07-05,1402,17,,,,,,,2345077.0,8143007.0,27881418.0,37452.0
2020-07-06,1425,19,,,,,,,2291699.0,8196385.0,30288897.0,35131.0
2020-07-07,1369,19,,,,,,,2226528.0,8261556.0,30587085.0,29502.0
2020-07-08,1577,14,,,,,,,2204891.0,8283193.0,30667409.0,30702.0
2020-07-09,1993,17,,,,,,,2198459.0,8289625.0,31363371.0,28686.0
2020-07-10,1991,12,,,,,,,2160664.0,8327420.0,32301249.0,31233.0
2020-07-11,2235,24,,,,,,,2316474.0,8171610.0,30814210.0,32169.0
2020-07-12,1987,17,,,,,,,2428428.0,8059656.0,26823328.0,39656.0
2020-07-13,1808,27,,,,,,,2176370.0,8311714.0,29728423.0,32869.0
2020-07-14,2075,13,,,,,,,2239270.0,8248814.0,31460650.0,28308.0
2020-07-15,1914,25,,,,,,,2180224.0,8307860.0,31702257.0,24372.0
2020-07-16,2006,16,,,,,,,2219085.0,8268999.0,32187147.0,19598.0
2020-07-17,1964,22,,,,,,,2209392.0,8278692.0,32032592.0,16796.0
2020-07-18,2342,23,,,,,,,2394293.0,8093791.0,30819800.0,18488.0
2020-07-19,1773,17,,,,,,,2588319.0,7899765.0,26819269.0,25452.0
2020-07-20,1319,20,,,,,,,2465543.0,8022541.0,31007711.0,16200.0
2020-07-21,1895,31,,,,,,,2341186.0,8146898.0,31052609.0,21174.0
2020-07-22,1813,25,,,,,,,2279025.0,8209059.0,31420196.0,22401.0
2020-07-23,2411,27,,,,,,,2331849.0,8156235.0,30322485.0,23969.0
2020-07-24,2236,31,,,,,,,2200177.0,8287907.0,32558578.0,24818.0
2020-07-25,2032,22,,,,,,,2388638.0,8099446.0,30133405.0,23100.0
2020-07-26,1787,23,,,,,,,2426931.0,8061153.0,29994583.0,29836.0
2020-07-27,1569,21,,,,,,,2354811.0,8133273.0,32284251.0,32942.0
2020-07-28,2028,32,,,,,,,2244654.0,8243430.0,33194004.0,29402.0
2020-07-29,1607,25,,,,,,,2300234.0,8187850.0,32148343.0,29443.0
2020-07-30,2357,25,,,,,,,2187639.0,8300445.0,32955558.0,32528.0
2020-07-31,1926,32,,,,,,,2245756.0,8242328.0,32156170.0,31919.0
2020-08-01,1965,30,,,,,,,2432933.0,8055151.0,30469906.0,33432.0
2020-08-02,1388,41,,,,,,,2589865.0,7898219.0,26964661.0,28213.0
2020-08-03,1356,25,,,,,,,2312699.0,8175385.0,30703093.0,21891.0
2020-08-04,1555,24,,,,,,,2308166.0,8179918.0,32424343.0,14456.0
2020-08-05,1232,33,,,,,,,2245548.0,8242536.0,33474684.0,15169.0
2020-08-06,1940,25,,,,,,,2185271.0,8302813.0,33238730.0,15597.0
2020-08-07,1848,24,,,,,,,2168943.0,8319141.0,32914132.0,17282.0
2020-08-08,1757,40,,,,,,,2325091.0,8162993.0,30498577.0,18404.0
2020-08-09,1358,22,,,,,,,2440029.0,8048055.0,28852937.0,21726.0
2020-08-10,790,35,,,,,,,2272771.0,8215313.0,31457527.0,20167.0
2020-08-11,1320,33,,,,,,,2277568.0,8210516.0,32775917.0,15565.0
2020-08-12,1357,29,,,,,,,2221179.0,8266905.0,30073472.0,67512.0
2020-08-13,1767,32,,,,,,,2131746.0,8356338.0,30849657.0,80764.0
2020-08-14,1599,24,,,,,,,2024809.0,8463275.0,32789011.0,86529.0
2020-08-15,1580,16,,,,,,,2239040.0,8249044.0,29858218.0,85159.0
2020-08-16,1328,27,,,,,,,2428791.0,8059293.0,28308354.0,116361.0
2020-08-17,886,31,,,,,,,2386556.0,8101528.0,30975377.0,121441.0
2020-08-18,1269,32,,,,,,,2292653.0,8195431.0,29787420.0,133824.0
2020-08-19,1356,40,,,,,,,2207659.0,8280425.0,30953095.0,125735.0
2020-08-20,2062,26,,,,,,,2114885.0,8373199.0,31303540.0,126436.0
2020-08-21,1994,16,,,,,,,2018712.0,8469372.0,33189139.0,121551.0
2020-08-22,1760,27,,,,,,,2194559.0,8293525.0,31678411.0,124827.0
2020-08-23,1516,29,,,,,,,2499638.0,7988446.0,25740806.0,88768.0
2020-08-24,1214,28,,,,,,,2402652.0,8085432.0,27789316.0,87101.0
2020-08-25,1480,23,,,,,,,2312709.0,8175375.0,29373072.0,78396.0
2020-08-26,1405,30,,,,,,,2345695.0,8142389.0,29192332.0,57066.0
2020-08-27,2162,22,,,,,,,2336109.0,8151975.0,29692054.0,35753.0
2020-08-28,1983,25,,,,,,,2289777.0,8198307.0,30640892.0,37034.0
2020-08-29,1546,28,,,,,,,2407184.0,8080900.0,29660834.0,36830.0
2020-08-30,1661,39,,,,,,,2628923.0,7859161.0,26738562.0,46107.0
2020-08-31,1098,25,,,,,,,2426650.0,8061434.0,28463910.0,45671.0
2020-09-01,1382,27,,,,,,,2393912.0,8094172.0,30523094.0,30655.0
2020-09-02,1325,31,,,,,,,2387951.0,8100133.0,31134222.0,30640.0
2020-09-03,1971,36,,,,,,,2206271.0,8281813.0,32636929.0,37877.0
2020-09-04,1698,27,,,,,,,2334787.0,8153297.0,31446106.0,34748.0
2020-09-05,1665,24,,,,,,,2382392.0,8105692.0,32369857.0,30497.0
2020-09-06,1154,28,,,,,,,2645511.0,7842573.0,27254497.0,38067.0
2020-09-07,818,27,,,,,,,2682359.0,7805725.0,26503924.0,42683.0
2020-09-08,823,32,,,,,,,2489520.0,7998564.0,30633548.0,38224.0
2020-09-09,1063,24,,,,,,,2420436.0,8067648.0,31114415.0,36864.0
2020-09-10,1263,21,,,,,,,2393335.0,8094749.0,30242984.0,39365.0
2020-09-11,1703,35,,,,,,,2280548.0,8207536.0,32876659.0,36852.0
2020-09-12,1489,28,,,,,,,2504684.0,7983400.0,29872802.0,35373.0
2020-09-13,1102,21,,,,,,,2688075.0,7800009.0,25749928.0,49270.0
2020-09-14,813,24,,,,,,,2474508.0,8013576.0,30406090.0,40923.0
2020-09-15,1265,40,,,,,,,2429509.0,8058575.0,31870154.0,35287.0
2020-09-16,1388,23,,,,,,,2415351.0,8072733.0,31499099.0,37493.0
2020-09-17,1659,37,,,,,,,2456689.0,8031395.0,28901599.0,36628.0
2020-09-18,1562,33,,,,,,,2352437.0,8135647.0,32602829.0,33071.0
2020-09-19,1561,26,,,,,,,2475932.0,8012152.0,32821547.0,31448.0
2020-09-20,1136,18,,,,,,,2559674.0,7928410.0,27122925.0,25175.0
2020-09-21,821,28,,,,,,,2604959.0,7883125.0,27663206.0,16378.0
2020-09-22,1247,31,,,,,,,2340883.0,8147201.0,30988618.0,12958.0
2020-09-23,1147,29,,,,,,,2253011.0,8235073.0,31678601.0,11766.0
2020-09-24,1801,25,,,,,,,2229498.0,8258586.0,30953172.0,17064.0
2020-09-25,1759,30,,,,,,,2215006.0,8273078.0,30948554.0,13819.0
2020-09-26,1628,27,,,,,,,2405844.0,8082240.0,31403565.0,13259.0
2020-09-27,1256,26,,,,,,,2471038.0,8017046.0,28024406.0,13708.0
2020-09-28,799,30,,,,,,,2306430.0,8181654.0,30656675.0,12067.0
2020-09-29,1351,32,,,,,,,2335415.0,8152669.0,29899190.0,10319.0
2020-09-30,1400,32,,,,,,,2318864.0,8169220.0,31040723.0,10952.0
2020-10-01,2228,20,,,,,,,2229889.0,8258195.0,31944654.0,13748.0
2020-10-02,1994,18,,,,,,,2274467.0,8213617.0,31312460.0,10989.0
2020-10-03,2001,19,,,,,,,2457529.0,8030555.0,30480229.0,9753.0
2020-10-04,1431,27,,,,,,,2592067.0,7896017.0,26469052.0,12531.0
2020-10-05,1326,28,,,,,,,2652110.0,7835974.0,29047187.0,10043.0
2020-10-06,1388,27,,,,,,,2395202.0,8092882.0,30669143.0,9400.0
2020-10-07,1809,26,,,,,,,2330121.0,8157963.0,31781678.0,10324.0
2020-10-08,2311,26,,,,,,,2359637.0,8128447.0,29520249.0,11301.0
2020-10-09,2144,26,,,,,,,2358067.0,8130017.0,30893601.0,9630.0
2020-10-10,2173,30,,,,,,,2612329.0,7875755.0,28133577.0,8867.0
2020-10-11,1574,28,,,,,,,2685365.0,7802719.0,23712072.0,8173.0
2020-10-12,1340,22,,,,,,,2466642.0,8021442.0,28474318.0,8027.0
2020-10-13,1786,23,,,,,,,2359387.0,8128697.0,30039113.0,9929.0
2020-10-14,2062,36,,,,,,,2296064.0,8192020.0,30227741.0,13547.0
2020-10-15,2572,23,,,,,,,2381932.0,8106152.0,28296897.0,14907.0
2020-10-16,2700,27,,,,,,,2237345.0,8250739.0,31188199.0,15294.0
2020-10-17,2163,29,,,,,,,2429806.0,8058278.0,30336713.0,12807.0
2020-10-18,1710,35,,,,,,,2515089.0,7972995.0,26413532.0,12130.0
2020-10-19,1539,18,,,,,,,2330208.0,8157876.0,30467524.0,13265.0
2020-10-20,1719,41,,,,,,,2393180.0,8094904.0,30121867.0,13290.0
2020-10-21,2071,33,,,,,,,2425754.0,8062330.0,29343478.0,14029.0
2020-10-22,2498,35,,,,,,,2323784.0,8164300.0,31322617.0,12809.0
2020-10-23,2654,28,,,,,,,2187882.0,8300202.0,33974775.0,13222.0
2020-10-24,2403,22,,,,,,,2333834.0,8154250.0,33396455.0,10120.0
2020-10-25,1782,37,,,,,,,2529891.0,7958193.0,26104842.0,12889.0
2020-10-26,1757,33,,,,,,,2409451.0,8078633.0,30837605.0,11567.0
2020-10-27,2045,30,,,,,,,2405607.0,8082477.0,31293246.0,10906.0
2020-10-28,2327,28,,,,,,,2373903.0,8114181.0,30521151.0,11897.0
2020-10-29,2818,50,,,,,,,2351869.0,8136215.0,30552414.0,11927.0
2020-10-30,2739,41,,,,,,,2286887.0,8201197.0,34112325.0,10819.0
2020-10-31,2313,34,,,,,,,2453083.0,8035001.0,32768894.0,9521.0
2020-11-01,1981,34,,,,,,,2553879.0,7934205.0,29304857.0,14202.0
2020-11-02,1511,42,,,,,,,2648628.0,7839456.0,28289049.0,9174.0
2020-11-03,2297,40,,,,,,,2462751.0,8025333.0,30694403.0,7782.0
2020-11-04,2494,31,,,,,,,2479749.0,8008335.0,30660372.0,9187.0
2020-11-05,2811,33,,,,,,,2498987.0,7989097.0,33071933.0,9722.0
2020-11-06,2927,33,,,,,,,2420395.0,8067689.0,34700838.0,12099.0
2020-11-07,2504,35,,,,,,,2539559.0,7948525.0,32666869.0,14741.0
2020-11-08,2197,32,,,,,,,2897565.0,7590519.0,29762107.0,12655.0
2020-11-09,1596,38,,,,,,,2743185.0,7744899.0,32336465.0,11274.0
2020-11-10,2588,34,,,,,,,2608373.0,7879711.0,32443036.0,10327.0
2020-11-11,3126,30,,,,,,,2679632.0,7808452.0,30000871.0,13691.0
2020-11-12,3282,41,,,,,,,2696804.0,7791280.0,29360755.0,13962.0
2020-11-13,3779,37,,,,,,,2586899.0,7901185.0,32697922.0,13334.0
2020-11-14,3376,40,,,,,,,2749476.0,7738608.0,31982570.0,12114.0
2020-11-15,2774,34,,,,,,,2726516.0,7761568.0,29613061.0,22186.0
2020-11-16,2219,36,,,,,,,2755627.0,7732457.0,33173625.0,17533.0
2020-11-17,3676,37,,,,,,,2758249.0,7729835.0,33578596.0,16599.0
2020-11-18,3708,39,,,,,,,2758635.0,7729449.0,33096691.0,17305.0
2020-11-19,4367,35,,,,,,,2691795.0,7796289.0,32808160.0,17462.0
2020-11-20,4144,37,,,,,,,2639817.0,7848267.0,31055270.0,18088.0
2020-11-21,3861,46,,,,,,,2806731.0,7681353.0,30645940.0,19020.0
2020-11-22,2748,39,,,,,,,2823453.0,7664631.0,26673412.0,18473.0
2020-11-23,2410,49,,,,,,,2684935.0,7803149.0,30652978.0,17458.0
2020-11-24,3983,36,,,,,,,2668369.0,7819715.0,30392875.0,17278.0
2020-11-25,4050,34,,,,,,,2580309.0,7907775.0,31500637.0,15688.0
2020-11-26,4635,37,,,,,,,2864739.0,7623345.0,24770203.0,14192.0
2020-11-27,3377,42,,,,,,,2674009.0,7814075.0,31792228.0,16044.0
2020-11-28,3504,44,,,,,,,2741342.0,7746742.0,28989882.0,17999.0
2020-11-29,3316,48,,,,,,,2790574.0,7697510.0,27921322.0,18531.0
2020-11-30,2404,35,,,,,,,2735870.0,7752214.0,30479666.0,16372.0
2020-12-01,4303,37,,,,,,,2486322.0,8001762.0,33245159.0,14822.0
2020-12-02,5224,38,,,,,,,2449836.0,8038248.0,34149979.0,14544.0
2020-12-03,6072,43,,,,,,,2440043.0,8048041.0,34830083.0,15715.0
2020-12-04,6063,44,,,,,,,2395429.0,8092655.0,34945392.0,15240.0
2020-12-05,6153,49,,,,,,,2534422.0,7953662.0,34005482.0,16046.0
2020-12-06,5529,50,,,,,,,2668916.0,7819168.0,29302210.0,17262.0
2020-12-07,4249,51,,,,,,,2655644.0,7832440.0,29302116.0,18309.0
2020-12-08,5885,50,,,,,,,2558928.0,7929156.0,30928596.0,16514.0
2020-12-09,5965,58,,,,,,,2536107.0,7951977.0,30920292.0,16393.0
2020-12-10,7101,67,,,,,,,2524060.0,7964024.0,32121046.0,17488.0
2020-12-11,6623,65,,,,,,,2598311.0,7889773.0,32668139.0,18093.0
2020-12-12,7078,69,,,,,,,2716130.0,7771954.0,31205085.0,18573.0
2020-12-13,5416,80,121.0,0.0,25.0,0.0,0.0,0.0,2824126.0,7663958.0,26997271.0,18334.0
2020-12-14,4158,57,35.0,0.0,0.0,0.0,0.0,0.0,2633024.0,7855060.0,29452421.0,17032.0
2020-12-15,5418,81,885.0,0.0,1.0,0.0,0.0,0.0,2531246.0,7956838.0,31061593.0,14128.0
2020-12-16,6111,68,3510.0,0.0,0.0,0.0,0.0,0.0,2681653.0,7806431.0,28276191.0,16499.0
2020-12-17,7234,84,4872.0,0.11,0.0,0.0,0.0,0.0,2508980.0,7979104.0,31537642.0,15916.0
2020-12-18,7722,68,10449.0,0.23,2.0,0.0,0.0,0.0,2610452.0,7877632.0,33191461.0,16175.0
2020-12-19,6404,74,4540.0,0.28,2.0,0.0,0.0,0.0,2761647.0,7726437.0,32032082.0,16077.0
2020-12-20,5640,64,4443.0,0.39,3.0,0.0,0.0,0.0,2873923.0,7614161.0,24100396.0,13503.0
2020-12-21,4736,65,10820.0,0.53,3.0,0.0,0.0,0.0,2755127.0,7732957.0,30583056.0,12628.0
2020-12-22,5403,75,13190.0,0.73,7.0,0.0,0.0,0.0,2820738.0,7667346.0,32420342.0,17294.0
2020-12-23,6869,79,15242.0,0.9199999999999999,7.0,0.0,0.0,0.0,2850419.0,7637665.0,33414137.0,18293.0
2020-12-24,6958,66,3428.0,1.15,1.0,0.0,0.0,0.0,2929391.0,7558693.0,27803816.0,17306.0
2020-12-25,5445,77,10.0,1.18,0.0,0.0,0.0,0.0,3141040.0,7347044.0,16974623.0,14345.0
2020-12-26,4037,74,2244.0,1.18,0.0,0.0,0.0,0.0,2923439.0,7564645.0,27756977.0,17999.0
2020-12-27,2777,72,1605.0,1.21,0.0,0.0,0.0,0.0,2958734.0,7529350.0,26479383.0,16492.0
2020-12-28,4176,80,15192.0,1.42,7.0,0.0,0.0,0.0,2675409.0,7812675.0,30456007.0,14434.0
2020-12-29,4894,102,18813.0,1.6099999999999999,8.0,0.0,0.0,0.0,2611031.0,7877053.0,31329017.0,13844.0
2020-12-30,8009,83,20580.0,1.92,22.0,0.0,0.0,0.0,2581079.0,7907005.0,31731248.0,14806.0
2020-12-31,10281,94,12503.0,2.25,28.0,0.0,0.0,0.0,2556877.0,7931207.0,32087779.0,13308.0
2021-01-01,11001,81,863.0,2.34,15.0,0.0,0.0,0.0,3087015.0,7401069.0,25273003.0,13795.0
2021-01-02,6438,116,5235.0,2.38,6.0,0.0,0.0,0.0,2705224.0,7782860.0,30282585.0,14225.0
2021-01-03,6547,83,3421.0,2.4299999999999997,36.0,0.0,0.0,0.0,2962762.0,7525322.0,26577322.0,15184.0
2021-01-04,4754,83,14294.0,2.66,654.0,0.0,0.0,0.0,2429620.0,8058464.0,32161522.0,12366.0
2021-01-05,7826,129,18928.0,2.96,1845.0,0.0,0.0,0.0,2395732.0,8092352.0,30903804.0,11554.0
2021-01-06,8841,92,29744.0,3.3,4658.0,0.1,0.0,0.0,2265820.0,8222264.0,32054352.0,12916.0
2021-01-07,10647,104,29879.0,3.76,7191.0,0.1,0.0,0.0,2229667.0,8258417.0,32575065.0,14062.0
2021-01-08,10939,101,21121.0,4.12,9621.0,0.2,0.0,0.0,2417040.0,8071044.0,30639577.0,15527.0
2021-01-09,9495,95,7092.0,4.33,3766.0,0.3,0.0,0.0,2424839.0,8063245.0,32072098.0,15256.0
2021-01-10,7989,93,3840.0,4.390000000000001,2393.0,0.3,0.0,0.0,2575866.0,7912218.0,28805789.0,17046.0
2021-01-11,5772,91,25731.0,4.73,9185.0,0.4,0.0,0.0,2408059.0,8080025.0,30839550.0,14505.0
2021-01-12,5783,113,37715.0,5.19,8258.0,0.5,0.0,0.0,2372273.0,8115811.0,30723956.0,14375.0
2021-01-13,7630,106,38418.0,5.8100000000000005,7395.0,0.5,0.0,0.0,2330612.0,8157472.0,31974075.0,16203.0
2021-01-14,7934,95,43107.0,6.470000000000001,4118.0,0.6,0.0,0.0,2277339.0,8210745.0,32346667.0,14722.0
2021-01-15,9064,101,39998.0,7.15,4738.0,0.6,0.0,0.0,2240424.0,8247660.0,34944447.0,14164.0
2021-01-16,7234,129,17987.0,7.68,1466.0,0.6,0.0,0.0,2449866.0,8038218.0,35860849.0,11777.0
2021-01-17,6330,101,9574.0,7.78,1438.0,0.6,0.0,0.0,2366482.0,8121602.0,31761851.0,18050.0
2021-01-18,4163,85,20228.0,8.2,4596.0,0.7,0.0,0.0,2105995.0,8382089.0,35468821.0,19581.0
2021-01-19,5382,111,46745.0,8.809999999999999,9110.0,0.8,0.0,0.0,2424354.0,8063730.0,30567386.0,13861.0
2021-01-20,6458,124,57323.0,5.9,8933.0,0.9,0.0,0.0,2355212.0,8132872.0,31579270.0,13766.0
2021-01-21,7095,113,62885.0,6.5,5394.0,0.9,0.0,0.0,2197600.0,8290484.0,33356055.0,17603.0
2021-01-22,6818,98,66427.0,7.1,5044.0,1.0,0.0,0.0,2103594.0,8384490.0,35141964.0,16493.0
2021-01-23,6661,92,38278.0,7.4,2616.0,1.0,0.0,0.0,2196885.0,8291199.0,34155242.0,13764.0
2021-01-24,5261,90,16492.0,7.6,1186.0,1.0,0.0,0.0,2459395.0,8028689.0,30376562.0,20188.0
2021-01-25,3750,76,36577.0,8.0,13663.0,1.1,0.0,0.0,2329390.0,8158694.0,29955245.0,19515.0
2021-01-26,4697,100,37849.0,8.3,19221.0,1.3,0.0,0.0,2226272.0,8261812.0,31997905.0,15382.0
2021-01-27,5361,79,38657.0,8.7,18433.0,1.5,0.0,0.0,2217320.0,8270764.0,32114715.0,16315.0
2021-01-28,6414,111,33264.0,9.0,17327.0,1.6,0.0,0.0,2321199.0,8166885.0,30705031.0,15796.0
2021-01-29,5137,85,38381.0,9.4,16665.0,1.8,0.0,0.0,2172504.0,8315580.0,33721098.0,15349.0
2021-01-30,5811,90,22158.0,9.6,7804.0,1.9,0.0,0.0,2212213.0,8275871.0,33709659.0,13461.0
2021-01-31,4328,77,11743.0,9.7,2194.0,1.9,0.0,0.0,2656900.0,7831184.0,27872744.0,21811.0
2021-02-01,2734,85,19994.0,17.71,19325.0,2.1,0.0,0.0,2286378.0,8201706.0,33172569.0,19086.0
2021-02-02,10529,93,22869.0,17.9,26351.0,2.3,0.0,0.0,2249869.0,8238215.0,33461987.0,15087.0
2021-02-03,4579,64,31289.0,18.6,29988.0,2.6,0.0,0.0,2173451.0,8314633.0,32926636.0,15550.0
2021-02-04,5522,56,42476.0,19.1,32040.0,2.9,0.0,0.0,2125676.0,8362408.0,33240601.0,17461.0
2021-02-05,4468,69,41508.0,19.799999999999997,32479.0,3.2,0.0,0.0,2048823.0,8439261.0,35410216.0,17472.0
2021-02-06,4481,56,26712.0,20.5,16676.0,3.4,0.0,0.0,2116831.0,8371253.0,34633885.0,14568.0
2021-02-07,3285,54,4607.0,20.8,6110.0,3.5,0.0,0.0,2425544.0,8062540.0,32837859.0,23044.0
2021-02-08,2693,67,22313.0,21.2,24957.0,3.7,0.0,0.0,2225243.0,8262841.0,35900759.0,23709.0
2021-02-09,3246,57,16543.0,21.5,40179.0,4.1,0.0,0.0,2213109.0,8274975.0,36701444.0,18530.0
2021-02-10,3748,63,29830.0,22.1,47667.0,4.5,0.0,0.0,2167830.0,8320254.0,36209695.0,17707.0
2021-02-11,4236,62,1079681.0,22.5,44111.0,4.9,0.0,0.0,2119010.0,8369074.0,36054081.0,20797.0
2021-02-12,3711,39,76834.0,23.2,50706.0,5.4,0.0,0.0,2047474.0,8440610.0,34525133.0,20984.0
2021-02-13,3609,55,72597.0,23.9,25253.0,5.7,0.0,0.0,2395113.0,8092971.0,31927358.0,15679.0
2021-02-14,2460,53,59230.0,24.5,12427.0,5.8,0.0,0.0,2387521.0,8100563.0,32149748.0,23552.0
2021-02-15,1911,42,43215.0,24.9,31033.0,6.1,0.0,0.0,2086139.0,8401945.0,37100105.0,22534.0
2021-02-16,2311,45,22424.0,25.1,42306.0,6.5,0.0,0.0,1985347.0,8502737.0,38860757.0,16767.0
2021-02-17,3242,40,45426.0,25.5,43793.0,6.9,0.0,0.0,1975440.0,8512644.0,38354198.0,15946.0
2021-02-18,3283,42,28528.0,25.7,27443.0,7.2,0.0,0.0,2281741.0,8206343.0,32787006.0,19554.0
2021-02-19,3187,34,118826.0,26.9,44272.0,7.6,0.0,0.0,2009667.0,8478417.0,36776245.0,18553.0
2021-02-20,2512,29,28437.0,27.1,22621.0,7.8,0.0,0.0,2186639.0,8301445.0,35646750.0,14878.0
2021-02-21,2073,35,23819.0,27.4,6335.0,7.9,0.0,0.0,2215822.0,8272262.0,35073157.0,24221.0
2021-02-22,1552,38,27377.0,27.7,28944.0,8.1,0.0,0.0,2086008.0,8402076.0,36885518.0,22063.0
2021-02-23,2455,28,21687.0,27.9,29691.0,8.4,0.0,0.0,1991991.0,8496093.0,39562277.0,17119.0
2021-02-24,2672,39,68739.0,28.6,34811.0,8.8,0.0,0.0,1972196.0,8515888.0,39389132.0,14817.0
2021-02-25,2879,28,78899.0,29.3,28939.0,9.0,0.0,0.0,1971502.0,8516582.0,40257611.0,16740.0
2021-02-26,2550,32,114479.0,30.3,32901.0,9.3,0.0,0.0,1949320.0,8538764.0,39382141.0,17470.0
2021-02-27,2114,27,97961.0,31.3,21924.0,9.6,0.0,0.0,2049833.0,8438251.0,38226576.0,13801.0
2021-02-28,1724,21,83432.0,32.1,9885.0,9.7,0.0,0.0,2198208.0,8289876.0,37367115.0,20276.0
2021-03-01,1031,21,81156.0,32.9,21333.0,9.9,0.0,0.0,2056202.0,8431882.0,39293177.0,21398.0
2021-03-02,1634,21,46567.0,33.3,26774.0,10.1,0.0,0.0,1994002.0,8494082.0,40101751.0,15541.0
2021-03-03,2151,21,97084.0,34.3,32381.0,10.4,0.0,0.0,2024671.0,8463413.0,40040220.0,15451.0
2021-03-04,2329,21,99264.0,35.1,28963.0,10.7,0.0,0.0,1950493.0,8537591.0,40594438.0,16670.0
2021-03-05,1940,17,88760.0,36.1,971955.0,19.9,0.0,0.0,1871536.0,8616548.0,40536568.0,18255.0
2021-03-06,1744,16,95776.0,37.0,50664.0,20.5,0.0,0.0,2003913.0,8484171.0,37996478.0,13276.0
2021-03-07,1308,21,64909.0,37.599999999999994,28414.0,20.700000000000003,0.0,0.0,2175617.0,8312467.0,35502561.0,20564.0
2021-03-08,975,13,81512.0,38.3,46952.0,21.2,0.0,0.0,2000802.0,8487282.0,38740047.0,20360.0
2021-03-09,1428,17,65951.0,38.9,42343.0,21.6,0.0,0.0,1970715.0,8517369.0,40442414.0,16950.0
2021-03-10,1832,21,129131.0,40.2,67738.0,22.200000000000003,0.0,0.0,1913609.0,8574475.0,41330295.0,17291.0
2021-03-11,1897,18,144860.0,41.6,75472.0,22.9,0.0,0.0,1897840.0,8590244.0,39907387.0,17714.0
2021-03-12,1713,10,142070.0,42.9,118474.0,24.1,0.0,0.0,1799709.0,8688375.0,42956394.0,15445.0
2021-03-13,1803,14,147727.0,44.3,82952.0,25.2,0.0,0.0,1942760.0,8545324.0,38311308.0,12645.0
2021-03-14,1328,14,99423.0,45.3,71567.0,25.5,0.0,0.0,1985472.0,8502612.0,38048019.0,22935.0
2021-03-15,1101,14,89625.0,46.1,65815.0,26.1,0.0,0.0,1947461.0,8540623.0,38312726.0,20709.0
2021-03-16,1548,9,102435.0,47.2,66292.0,26.8,0.0,0.0,1941360.0,8546724.0,40386648.0,16423.0
2021-03-17,1781,11,120205.0,48.3,65473.0,27.4,0.0,0.0,1851440.0,8636644.0,40317945.0,14789.0
2021-03-18,1970,14,145032.0,49.599999999999994,52729.0,27.9,0.0,0.0,1995243.0,8492841.0,38341598.0,14864.0
2021-03-19,1972,18,139466.0,50.9,63818.0,28.5,0.0,0.0,1794577.0,8693507.0,39914418.0,14534.0
2021-03-20,1816,18,115019.0,52.099999999999994,48389.0,29.0,0.0,0.0,1906413.0,8581671.0,38370088.0,10197.0
2021-03-21,1384,15,85973.0,52.9,38231.0,29.4,0.0,0.0,1932038.0,8556046.0,35043780.0,15370.0
2021-03-22,893,9,97805.0,53.900000000000006,43176.0,29.700000000000003,0.0,0.0,1865007.0,8623077.0,42467915.0,18371.0
2021-03-23,1509,9,67888.0,54.5,39216.0,30.1,0.0,0.0,1791641.0,8696443.0,45812734.0,15335.0
2021-03-24,1889,14,122686.0,55.7,67776.0,30.8,0.0,0.0,1834358.0,8653726.0,43463709.0,12994.0
2021-03-25,1974,10,121667.0,56.8,73505.0,31.4,0.0,0.0,1813928.0,8674156.0,44601812.0,14129.0
2021-03-26,2060,8,126708.0,58.1,110159.0,32.6,0.0,0.0,1648119.0,8482421.0,40618995.0,16390.0
2021-03-27,1889,12,103359.0,59.0,90037.0,33.400000000000006,0.0,0.0,1847704.0,8640380.0,40853176.0,11017.0
2021-03-28,1490,13,59564.0,59.599999999999994,63919.0,34.0,0.0,0.0,2022250.0,8465834.0,35469129.0,17718.0
2021-03-29,1012,10,63579.0,60.2,66817.0,34.6,0.0,0.0,1936588.0,8551496.0,40107799.0,19929.0
2021-03-30,1553,9,44954.0,60.6,60706.0,35.3,0.0,0.0,1842198.0,8645886.0,43873578.0,13974.0
2021-03-31,1880,18,117563.0,61.8,109579.0,36.2,0.0,0.0,1873201.0,8614883.0,40829092.0,18113.0
2021-04-01,2084,9,130783.0,63.0,126181.0,37.5,0.0,0.0,1894340.0,8593744.0,42527945.0,22142.0
2021-04-02,1886,11,84334.0,63.8,76561.0,38.2,0.0,0.0,1793661.0,8694423.0,41086032.0,20380.0
2021-04-03,1724,11,109835.0,64.9,88892.0,39.0,0.0,0.0,1862201.0,8625883.0,39692207.0,14760.0
2021-04-04,1217,15,41276.0,65.19999999999999,27349.0,39.3,0.0,0.0,2027579.0,8460505.0,32740171.0,21029.0
2021-04-05,974,8,68182.0,65.9,80094.0,40.099999999999994,0.0,0.0,1891252.0,8596832.0,42625091.0,24122.0
2021-04-06,1139,10,61434.0,66.4,77121.0,40.900000000000006,0.0,0.0,1827860.0,8660224.0,41809260.0,17886.0
2021-04-07,1841,3,100239.0,67.4,125984.0,42.0,0.0,0.0,1846577.0,8641507.0,43317771.0,19841.0
2021-04-08,2087,16,115370.0,68.5,147628.0,43.4,0.0,0.0,1763647.0,8724437.0,43650760.0,18821.0
2021-04-09,2283,8,122770.0,69.7,146915.0,44.8,0.0,0.0,1696257.0,8791827.0,44167196.0,20286.0
2021-04-10,2093,13,119531.0,70.80000000000001,131015.0,46.0,0.0,0.0,1811737.0,8676347.0,40995855.0,19795.0
2021-04-11,1568,14,80491.0,71.5,89070.0,46.900000000000006,0.0,0.0,1947650.0,8540434.0,38277022.0,18449.0
2021-04-12,1257,12,86303.0,72.4,103863.0,47.9,0.0,0.0,1858776.0,8629308.0,45316914.0,18184.0
2021-04-13,1899,11,63658.0,73.1,79105.0,48.6,0.0,0.0,1813473.0,8674611.0,46348330.0,13382.0
2021-04-14,2116,8,89922.0,73.80000000000001,133173.0,50.0,0.0,0.0,1886438.0,8601646.0,45184760.0,14678.0
2021-04-15,2438,5,77446.0,74.7,122857.0,51.1,0.0,0.0,1798246.0,8689838.0,45879471.0,15316.0
2021-04-16,2301,9,80362.0,75.4,126519.0,52.3,0.0,0.0,1713667.0,8774417.0,49060839.0,15907.0
2021-04-17,2167,16,72220.0,76.1,87920.0,53.099999999999994,0.0,0.0,1819857.0,8668227.0,41133821.0,12864.0
2021-04-18,1560,14,52463.0,76.6,64547.0,53.7,0.0,0.0,1974607.0,8513477.0,38448971.0,17882.0
2021-04-19,1156,10,56433.0,77.1,76032.0,54.5,0.0,0.0,1841338.0,8646746.0,44180539.0,17803.0
2021-04-20,1562,13,44388.0,77.5,70431.0,55.1,0.0,0.0,1747675.0,8740409.0,46476940.0,12191.0
2021-04-21,1990,10,54826.0,78.1,111487.0,56.2,0.0,0.0,1824054.0,8664030.0,44952693.0,14944.0
2021-04-22,2214,15,58422.0,78.6,104486.0,57.2,0.0,0.0,1887422.0,8600662.0,37766970.0,16557.0
2021-04-23,1947,14,68179.0,79.30000000000001,100142.0,58.2,0.0,0.0,1801862.0,8686222.0,38382823.0,17364.0
2021-04-24,2407,11,50761.0,79.8,68903.0,58.8,0.0,0.0,1895539.0,8592545.0,33485284.0,15424.0
2021-04-25,1465,14,47411.0,80.19999999999999,44945.0,59.3,0.0,0.0,1995442.0,8492642.0,31117297.0,17189.0
2021-04-26,1021,10,43884.0,80.6,54778.0,59.7,0.0,0.0,1876228.0,8611856.0,38465811.0,17615.0
2021-04-27,1424,10,45786.0,81.1,70899.0,60.5,0.0,0.0,1892504.0,8595580.0,37515699.0,17773.0
2021-04-28,1769,16,29884.0,81.30000000000001,61887.0,61.1,1.0,0.0,1890437.0,8597647.0,38185995.0,17419.0
2021-04-29,2243,9,45786.0,81.69999999999999,87238.0,61.8,0.0,0.0,1852152.0,8635932.0,40410875.0,16778.0
2021-04-30,1980,14,50258.0,82.30000000000001,117420.0,63.0,0.0,0.0,1819161.0,8668923.0,39230293.0,18636.0
2021-05-01,1706,11,38561.0,82.6,107022.0,64.0,0.0,0.0,1898949.0,8589135.0,35611644.0,16674.0
2021-05-02,1333,6,31609.0,82.9,77661.0,64.7,0.0,0.0,2016178.0,8471906.0,31284847.0,19156.0
2021-05-03,912,12,24335.0,83.1,59383.0,65.3,0.0,0.0,1856720.0,8631364.0,37248643.0,15327.0
2021-05-04,1261,16,22656.0,83.4,67501.0,65.9,0.0,0.0,1863225.0,8624859.0,37930230.0,14453.0
2021-05-05,1700,17,27632.0,83.6,72410.0,66.6,0.0,0.0,1878689.0,8609395.0,39920191.0,14414.0
2021-05-06,1725,14,32588.0,83.9,79514.0,67.4,0.0,0.0,1860765.0,8627319.0,40351696.0,15607.0
2021-05-07,1523,8,36402.0,84.30000000000001,85417.0,68.2,0.0,0.0,1793765.0,8694319.0,38785914.0,17422.0
2021-05-08,1378,14,27979.0,84.6,62367.0,68.80000000000001,0.0,0.0,1895429.0,8592655.0,35417223.0,14786.0
2021-05-09,1141,14,19168.0,84.7,48164.0,69.3,0.0,0.0,2020401.0,8467683.0,31853079.0,17663.0
2021-05-10,662,5,20259.0,84.9,48419.0,69.80000000000001,0.0,0.0,1860526.0,8627558.0,39841983.0,16031.0
2021-05-11,994,20,18721.0,85.1,42718.0,70.19999999999999,0.0,0.0,1861494.0,8626590.0,38608806.0,15996.0
2021-05-12,1320,11,22624.0,85.30000000000001,53260.0,70.7,0.0,0.0,1859822.0,8628262.0,39062114.0,15850.0
2021-05-13,1295,8,36489.0,85.6,56635.0,71.19999999999999,0.0,0.0,1859619.0,8628465.0,39800995.0,14744.0
2021-05-14,1143,16,39577.0,86.0,59631.0,71.80000000000001,0.0,0.0,1793891.0,8694193.0,41473725.0,15772.0
2021-05-15,1077,11,40274.0,86.4,43189.0,72.19999999999999,0.0,0.0,1871478.0,8616606.0,37247873.0,14535.0
2021-05-16,808,14,33511.0,86.8,32687.0,72.5,0.0,0.0,1966275.0,8521809.0,32894332.0,17402.0
2021-05-17,501,18,44164.0,87.2,37788.0,72.9,0.0,0.0,1902353.0,8585731.0,41155285.0,14153.0
2021-05-18,787,9,34795.0,87.5,28391.0,73.19999999999999,0.0,0.0,1842945.0,8645139.0,38722525.0,15270.0
2021-05-19,1148,13,46479.0,87.9,39978.0,73.5,0.0,0.0,1859054.0,8629030.0,41666436.0,15363.0
2021-05-20,1068,18,44603.0,88.3,45403.0,73.9,0.0,0.0,1855917.0,8632167.0,40791839.0,16709.0
2021-05-21,969,15,45429.0,88.80000000000001,46307.0,74.4,0.0,0.0,1776079.0,8712005.0,40687039.0,19083.0
2021-05-22,1054,10,39184.0,89.19999999999999,32388.0,74.7,0.0,0.0,1873843.0,8614241.0,36404037.0,17816.0
2021-05-23,626,7,27797.0,89.4,28076.0,74.9,0.0,0.0,1918224.0,8569860.0,35729959.0,20816.0
2021-05-24,445,10,29553.0,89.7,26269.0,75.19999999999999,0.0,0.0,1821775.0,8666309.0,38872888.0,19434.0
2021-05-25,711,8,23512.0,89.9,20609.0,75.4,0.0,0.0,1929473.0,8558611.0,36938987.0,14126.0
2021-05-26,875,13,30515.0,90.19999999999999,28202.0,75.7,0.0,0.0,1870965.0,8617119.0,36784030.0,13628.0
2021-05-27,880,8,29177.0,90.6,31770.0,76.0,0.0,0.0,1891387.0,8596697.0,37711359.0,15680.0
2021-05-28,730,6,28869.0,90.80000000000001,31293.0,76.3,0.0,0.0,1814857.0,8673227.0,37715684.0,14357.0
2021-05-29,679,8,23212.0,91.1,22807.0,76.5,0.0,0.0,1858343.0,8629741.0,34447348.0,14108.0
2021-05-30,470,8,15742.0,91.19999999999999,17164.0,76.7,0.0,0.0,1950912.0,8537172.0,31609142.0,16327.0
2021-05-31,310,7,8731.0,91.19999999999999,8932.0,76.7,0.0,0.0,1966910.0,8521174.0,34803904.0,17935.0
2021-06-01,289,11,16666.0,91.4,20965.0,77.0,0.0,0.0,1858105.0,8629979.0,38541563.0,14199.0
2021-06-02,421,9,14948.0,91.6,15725.0,77.1,0.0,0.0,1840612.0,8647472.0,36942744.0,13339.0
2021-06-03,684,12,21432.0,91.7,31776.0,77.4,0.0,0.0,1838786.0,8649298.0,38920994.0,15060.0
2021-06-04,603,5,24434.0,92.0,36672.0,77.69999999999999,0.0,0.0,1784402.0,8703682.0,39179629.0,16040.0
2021-06-05,517,6,17656.0,92.1,27937.0,78.1,0.0,0.0,1873644.0,8614440.0,35451501.0,14949.0
2021-06-06,368,6,12506.0,92.3,22658.0,78.2,0.0,0.0,1962998.0,8525086.0,32179713.0,17195.0
2021-06-07,273,11,18670.0,92.5,39281.0,78.6,0.0,0.0,1848703.0,8639381.0,39743145.0,15820.0
2021-06-08,382,5,15739.0,92.6,28850.0,78.8,0.0,0.0,1875952.0,8612132.0,38302979.0,13967.0
2021-06-09,462,0,15682.0,92.8,30859.0,79.1,0.0,0.0,1869266.0,8618818.0,36947224.0,13631.0
2021-06-10,481,11,20382.0,93.0,35903.0,79.5,0.0,0.0,1823393.0,8664691.0,36850741.0,14568.0
2021-06-11,478,9,15129.0,93.1,27304.0,79.7,0.0,0.0,1783968.0,8704116.0,39200567.0,14915.0
2021-06-12,456,6,15863.0,93.30000000000001,31128.0,80.1,0.0,0.0,1859254.0,8628830.0,35323639.0,14069.0
2021-06-13,333,4,12301.0,93.4,22923.0,80.30000000000001,0.0,0.0,1997428.0,8490656.0,31664349.0,17246.0
2021-06-14,202,6,14799.0,93.4,46591.0,80.69999999999999,0.0,0.0,1884330.0,8603754.0,36837267.0,14923.0
2021-06-15,327,7,15176.0,93.6,29862.0,81.0,0.0,0.0,1837086.0,8650998.0,39327138.0,14326.0
2021-06-16,504,3,16716.0,93.69999999999999,27396.0,81.30000000000001,0.0,0.0,1891127.0,8596957.0,37596754.0,13920.0
2021-06-17,423,5,18491.0,93.9,29024.0,81.5,0.0,0.0,1869309.0,8618775.0,39126586.0,14664.0
2021-06-18,468,3,18698.0,94.1,27620.0,81.9,0.0,0.0,1814734.0,8673350.0,39209865.0,15341.0
2021-06-19,417,4,14964.0,94.2,21046.0,82.0,0.0,0.0,1880138.0,8607946.0,35422932.0,14743.0
2021-06-20,323,3,14037.0,94.4,19008.0,82.2,0.0,0.0,1980645.0,8507439.0,30585679.0,17597.0
2021-06-21,209,8,10294.0,94.4,10497.0,82.30000000000001,0.0,0.0,1855450.0,8632634.0,38865122.0,14100.0
2021-06-22,325,3,12097.0,94.5,16150.0,82.5,0.0,0.0,1866260.0,8621824.0,35310343.0,13926.0
2021-06-23,484,4,16985.0,94.69999999999999,19069.0,82.69999999999999,0.0,0.0,1877934.0,8610150.0,36939791.0,14834.0
2021-06-24,434,1,17830.0,94.9,21685.0,82.9,0.0,0.0,1870614.0,8617470.0,40011718.0,17522.0
2021-06-25,420,11,17737.0,95.1,21730.0,83.1,0.0,0.0,1798646.0,8689438.0,39432408.0,17576.0
2021-06-26,433,9,13549.0,95.2,15607.0,83.2,0.0,0.0,1899738.0,8588346.0,35432319.0,15286.0
2021-06-27,330,1,13901.0,95.30000000000001,15898.0,83.4,0.0,0.0,2018721.0,8469363.0,33421969.0,19286.0
2021-06-28,226,3,10217.0,95.4,10983.0,83.5,0.0,0.0,1885991.0,8602093.0,39931801.0,15981.0
2021-06-29,416,2,11132.0,95.5,12345.0,83.6,0.0,0.0,1915961.0,8572123.0,37169724.0,21519.0
2021-06-30,449,4,371155.0,99.0,274973.0,86.2,0.0,0.0,1889040.0,8599044.0,39491092.0,22222.0
2021-07-01,518,5,18031.0,99.2,21187.0,86.4,0.0,0.0,1855834.0,8632250.0,40213206.0,22282.0
2021-07-02,501,7,21312.0,99.4,23760.0,86.6,0.0,0.0,1810830.0,8677254.0,40551678.0,26550.0
2021-07-03,520,5,10967.0,99.5,10412.0,86.7,0.0,0.0,1851638.0,8636446.0,40548981.0,31938.0
2021-07-04,453,2,8624.0,99.7,8581.0,86.80000000000001,0.0,0.0,2016533.0,8471551.0,38151127.0,30202.0
2021-07-05,303,3,12125.0,99.7,10688.0,86.9,0.0,0.0,1927597.0,8560487.0,43636194.0,31603.0
2021-07-06,283,2,8567.0,99.8,9428.0,87.0,0.0,0.0,2021473.0,8466611.0,37461813.0,24295.0
2021-07-07,676,8,13851.0,100.0,13833.0,87.1,0.0,0.0,1921287.0,8566797.0,39860038.0,28338.0
2021-07-08,783,4,14679.0,100.1,16127.0,87.3,0.0,0.0,1900870.0,8587214.0,42703602.0,30225.0
2021-07-09,718,4,16830.0,100.2,19005.0,87.5,0.0,0.0,1830994.0,8657090.0,42873647.0,30969.0
2021-07-10,741,6,13377.0,100.4,13458.0,87.6,0.0,0.0,1920570.0,8567514.0,39438442.0,29031.0
2021-07-11,682,4,11086.0,100.5,11714.0,87.7,0.0,0.0,2079012.0,8409072.0,34170741.0,26982.0
2021-07-12,533,3,12342.0,100.6,11153.0,87.80000000000001,0.0,0.0,1939219.0,8548865.0,40892800.0,24341.0
2021-07-13,886,3,12824.0,100.7,11927.0,88.0,0.0,0.0,1914111.0,8573973.0,41606445.0,24692.0
2021-07-14,1065,6,14983.0,100.8,13868.0,88.0,0.0,0.0,1950948.0,8537136.0,38949748.0,22699.0
2021-07-15,1102,4,17058.0,101.0,15577.0,88.19999999999999,0.0,0.0,1919473.0,8568611.0,40512171.0,23508.0
2021-07-16,1218,6,17685.0,101.2,15928.0,88.4,0.0,0.0,1867028.0,8621056.0,41487900.0,25440.0
2021-07-17,1228,7,13731.0,101.4,12531.0,88.4,0.0,0.0,1938460.0,8549624.0,38030826.0,23122.0
2021-07-18,943,4,12027.0,101.4,10741.0,88.6,0.0,0.0,2047137.0,8440947.0,33762160.0,26947.0
2021-07-19,780,2,15312.0,101.6,10752.0,88.7,0.0,0.0,1937457.0,8550627.0,39822420.0,23421.0
2021-07-20,1376,8,18990.0,101.8,11645.0,88.80000000000001,0.0,0.0,1882721.0,8605363.0,43310719.0,25196.0
2021-07-21,1734,6,21180.0,102.0,14036.0,89.0,0.0,0.0,1916001.0,8572083.0,41394099.0,24106.0
2021-07-22,1913,8,23372.0,102.2,14306.0,89.0,0.0,0.0,2007085.0,8480999.0,35093599.0,20851.0
2021-07-23,2266,11,23015.0,102.4,13167.0,89.19999999999999,0.0,0.0,1871523.0,8616561.0,40279682.0,24731.0
2021-07-24,2213,10,25801.0,102.69999999999999,14561.0,89.4,0.0,0.0,1957926.0,8530158.0,37488977.0,23018.0
2021-07-25,1758,11,18748.0,102.8,9075.0,89.4,0.0,0.0,2060094.0,8427990.0,33498903.0,26857.0
2021-07-26,1575,9,21832.0,103.0,11094.0,89.5,0.0,0.0,1912944.0,8575140.0,40857672.0,23233.0
2021-07-27,2526,15,22385.0,103.30000000000001,9440.0,89.6,0.0,0.0,1925056.0,8563028.0,41276824.0,23559.0
2021-07-28,3203,10,26690.0,103.5,13210.0,89.80000000000001,0.0,0.0,1975953.0,8512131.0,38329770.0,23184.0
2021-07-29,3570,17,31062.0,103.8,14130.0,89.80000000000001,0.0,0.0,1920942.0,8567142.0,42009923.0,23861.0
2021-07-30,3549,10,34552.0,104.2,15141.0,90.0,0.0,0.0,1855191.0,8632893.0,42185947.0,25182.0
2021-07-31,3621,14,26995.0,104.4,11330.0,90.1,0.0,0.0,1955921.0,8532163.0,38740965.0,23007.0
2021-08-01,2967,18,25127.0,104.6,10369.0,90.19999999999999,0.0,0.0,2074205.0,8413879.0,34332609.0,26896.0
2021-08-02,2166,13,28698.0,104.9,11251.0,90.3,0.0,0.0,1895838.0,8592246.0,40944404.0,23119.0
2021-08-03,3270,15,25164.0,105.2,9539.0,90.4,0.0,0.0,1892720.0,8595364.0,41492726.0,22621.0
2021-08-04,4183,19,31471.0,105.4,12873.0,90.6,0.0,0.0,1840421.0,8647663.0,44421620.0,24808.0
2021-08-05,4937,17,33111.0,105.69999999999999,13513.0,90.6,0.0,0.0,2026573.0,8461511.0,37121028.0,22203.0
2021-08-06,4734,28,33981.0,106.1,14778.0,90.80000000000001,0.0,0.0,1826469.0,8661615.0,41839103.0,24203.0
2021-08-07,5029,18,36333.0,106.4,14704.0,91.0,0.0,0.0,1973962.0,8514122.0,38311301.0,22617.0
2021-08-08,3762,18,24396.0,106.69999999999999,11258.0,91.1,0.0,0.0,2147904.0,8340180.0,34644434.0,27459.0
2021-08-09,3012,18,23655.0,106.9,11112.0,91.19999999999999,0.0,0.0,1948353.0,8539731.0,41696062.0,23832.0
2021-08-10,4380,19,25008.0,107.1,11649.0,91.3,0.0,0.0,1869224.0,8618860.0,41606546.0,23132.0
2021-08-11,5479,32,28082.0,107.4,13998.0,91.4,0.0,0.0,1911451.0,8576633.0,40461969.0,22035.0
2021-08-12,6643,31,36075.0,107.8,19179.0,91.6,0.0,0.0,1920185.0,8567899.0,33888308.0,18912.0
2021-08-13,6160,37,35359.0,108.0,19506.0,91.7,122.0,0.0,1868614.0,8619470.0,41478634.0,24279.0
2021-08-14,5870,31,39635.0,108.5,20411.0,92.0,348.0,0.0,1915193.0,8572891.0,38574891.0,21924.0
2021-08-15,4879,34,17176.0,108.6,10587.0,92.1,302.0,0.0,1982693.0,8505391.0,30629927.0,22543.0
2021-08-16,3543,41,36759.0,109.0,21019.0,92.3,947.0,0.0,1913866.0,8574218.0,40727526.0,21855.0
2021-08-17,4812,43,28494.0,109.2,15971.0,92.5,1258.0,0.1,1929482.0,8558602.0,40659762.0,21580.0
2021-08-18,6081,57,36081.0,109.6,20149.0,92.6,1594.0,0.1,2014486.0,8473598.0,38260390.0,21202.0
2021-08-19,6989,37,37691.0,109.9,21877.0,92.8,1775.0,0.1,1886777.0,8601307.0,41426312.0,22240.0
2021-08-20,6693,37,38892.0,110.3,25826.0,93.0,1918.0,0.2,1865091.0,8622993.0,41836371.0,22895.0
2021-08-21,6569,59,29872.0,110.6,20212.0,93.3,825.0,0.2,1937228.0,8550856.0,38443199.0,21163.0
2021-08-22,5486,45,23928.0,110.8,17996.0,93.5,267.0,0.2,2098016.0,8390068.0,34005336.0,24154.0
2021-08-23,4544,58,28317.0,111.1,20779.0,93.7,1449.0,0.2,1951566.0,8536518.0,41261099.0,21482.0
2021-08-24,5902,64,38054.0,111.5,25834.0,93.9,1919.0,0.3,1857650.0,8630434.0,37672041.0,20929.0
2021-08-25,7940,55,34194.0,111.8,24714.0,94.1,2141.0,0.3,1861924.0,8626160.0,36692204.0,18863.0
2021-08-26,8197,48,36323.0,112.1,25337.0,94.4,2724.0,0.3,1897650.0,8590434.0,34121234.0,18451.0
2021-08-27,7946,67,39808.0,112.5,30627.0,94.6,2572.0,0.4,1827538.0,8660546.0,38188815.0,23663.0
2021-08-28,8056,68,31308.0,112.8,23351.0,94.8,1132.0,0.4,1906213.0,8581871.0,33753834.0,21060.0
2021-08-29,6178,58,26813.0,113.1,22047.0,95.1,246.0,0.4,1982689.0,8505395.0,30859767.0,25331.0
2021-08-30,4687,70,29935.0,113.4,23287.0,95.3,1964.0,0.5,1849049.0,8639035.0,36001883.0,23323.0
2021-08-31,6828,61,27948.0,113.7,20815.0,95.5,2380.0,0.5,1872197.0,8615887.0,38776756.0,20941.0
2021-09-01,7498,81,34278.0,113.9,24542.0,95.8,2755.0,0.6,1962116.0,8525968.0,36651871.0,17851.0
2021-09-02,8780,69,34731.0,114.3,25468.0,96.0,2729.0,0.6,2004686.0,8483398.0,35011815.0,18673.0
2021-09-03,8647,74,48656.0,114.8,37212.0,96.4,2612.0,0.7,1947225.0,8540859.0,36000665.0,21114.0
2021-09-04,7981,85,27178.0,115.0,21123.0,96.6,428.0,0.7,1866477.0,8621607.0,40954596.0,24295.0
2021-09-05,6274,74,23819.0,115.2,20024.0,96.7,187.0,0.7,1940685.0,8547399.0,41292237.0,23506.0
2021-09-06,5189,65,11658.0,115.4,9327.0,96.80000000000001,145.0,0.7,2028040.0,8460044.0,36924128.0,19828.0
2021-09-07,3823,68,20660.0,115.5,21407.0,97.0,2237.0,0.7,1903073.0,8585011.0,39002833.0,21153.0
2021-09-08,5372,69,29304.0,115.8,23001.0,97.2,2034.0,0.7,1884703.0,8603381.0,39135416.0,23142.0
2021-09-09,7807,69,39817.0,116.2,38583.0,97.7,2248.0,0.8,1851045.0,8637039.0,35219960.0,21575.0
2021-09-10,8323,66,35052.0,116.5,30970.0,97.9,2171.0,0.8,1771775.0,8716309.0,36906892.0,23240.0
2021-09-11,8075,82,25672.0,116.8,21796.0,98.1,556.0,0.8,1940468.0,8547616.0,36972140.0,22160.0
2021-09-12,6135,66,24943.0,117.0,21763.0,98.4,219.0,0.8,2025421.0,8462663.0,34202456.0,25610.0
2021-09-13,4799,83,22215.0,117.2,20576.0,98.5,1341.0,0.9,1880278.0,8607806.0,37652501.0,21914.0
2021-09-14,6275,84,24750.0,117.4,22550.0,98.7,1687.0,0.9,1989092.0,8498992.0,38024687.0,21186.0
2021-09-15,6898,81,25624.0,117.69999999999999,25278.0,98.9,1728.0,0.9,1887125.0,8600959.0,43296204.0,23245.0
2021-09-16,7872,73,25771.0,118.0,25813.0,99.3,1887.0,1.0,1917345.0,8570739.0,42112631.0,23219.0
2021-09-17,7203,80,27516.0,118.2,29783.0,99.5,1847.0,1.0,1791739.0,8696345.0,38429195.0,21565.0
2021-09-18,5953,69,20551.0,118.4,21041.0,99.7,401.0,1.0,1940055.0,8548029.0,38635595.0,21942.0
2021-09-19,4928,60,21360.0,118.69999999999999,23576.0,99.9,216.0,1.0,2079362.0,8408722.0,33862565.0,24585.0
2021-09-20,3701,67,19033.0,118.8,21147.0,100.19999999999999,1473.0,1.0,1923453.0,8564631.0,35948131.0,19704.0
2021-09-21,5576,60,17843.0,119.0,19012.0,100.3,1856.0,1.0,1940637.0,8547447.0,37768943.0,20290.0
2021-09-22,5290,57,21441.0,119.2,23530.0,100.5,1810.0,1.1,1903186.0,8584898.0,34914238.0,18281.0
2021-09-23,6280,65,22056.0,119.4,24014.0,100.7,2336.0,1.1,1901726.0,8586358.0,36865676.0,20176.0
2021-09-24,5506,77,25781.0,119.6,26779.0,101.1,5176.0,1.2,1852915.0,8635169.0,37592065.0,22811.0
2021-09-25,5281,66,27523.0,119.9,20001.0,101.19999999999999,2915.0,1.3,1922919.0,8565165.0,33509636.0,20357.0
2021-09-26,4208,69,21016.0,120.1,17282.0,101.4,1587.0,1.3,2026824.0,8461260.0,28549463.0,21744.0
2021-09-27,2688,64,51527.0,120.6,27027.0,101.6,8479.0,1.4,1932874.0,8555210.0,35622254.0,21031.0
2021-09-28,3971,60,31584.0,120.9,14434.0,101.7,12503.0,1.7,1946352.0,8541732.0,35627402.0,19572.0
2021-09-29,4417,70,42897.0,121.30000000000001,19215.0,102.0,11783.0,1.9,1937831.0,8550253.0,34753637.0,20833.0
2021-09-30,5043,60,37870.0,121.69999999999999,20901.0,102.19999999999999,13634.0,2.1,1946607.0,8541477.0,34954716.0,19441.0
2021-10-01,4270,57,37647.0,122.1,25138.0,102.4,14675.0,2.4,1903428.0,8584656.0,37666358.0,20595.0
2021-10-02,4751,52,22747.0,122.2,15367.0,102.6,3898.0,2.5,1970936.0,8517148.0,33098621.0,18457.0
2021-10-03,2969,68,22576.0,122.4,15794.0,102.7,1542.0,2.5,2007601.0,8480483.0,30723055.0,23190.0
2021-10-04,2216,56,26463.0,122.69999999999999,15405.0,102.80000000000001,9912.0,2.7,1894326.0,8593758.0,39029678.0,20471.0
2021-10-05,2843,65,24921.0,122.9,13120.0,103.0,11831.0,2.9,1882526.0,8605558.0,36391627.0,20332.0
2021-10-06,3604,51,51886.0,123.5,78702.0,103.69999999999999,13274.0,3.1,1890256.0,8597828.0,35820760.0,19697.0
2021-10-07,3861,43,28749.0,123.69999999999999,17304.0,103.9,13161.0,3.3,1942892.0,8545192.0,40625366.0,21649.0
2021-10-08,4252,49,32459.0,124.0,20562.0,104.1,13208.0,3.6,1906062.0,8582022.0,41572893.0,22295.0
2021-10-09,3417,58,23810.0,124.30000000000001,14330.0,104.2,3503.0,3.6,1948942.0,8539142.0,36521068.0,20042.0
2021-10-10,2562,37,18638.0,124.4,13197.0,104.4,1396.0,3.6,2057235.0,8430849.0,36553419.0,21208.0
2021-10-11,1574,40,22436.0,124.69999999999999,11981.0,104.4,8674.0,3.8,1877629.0,8610455.0,42389584.0,25608.0
2021-10-12,2413,44,33311.0,124.9,16752.0,104.6,10699.0,4.0,1957477.0,8530607.0,38980949.0,23639.0
2021-10-13,3123,55,25974.0,125.1,14614.0,104.8,10408.0,4.2,1916297.0,8571787.0,41036339.0,24457.0
2021-10-14,3274,39,28642.0,125.5,23145.0,105.0,11085.0,4.4,1909990.0,8578094.0,42926539.0,23575.0
2021-10-15,3048,41,28306.0,125.69999999999999,18769.0,105.2,11370.0,4.5,1934180.0,8553904.0,42929416.0,25775.0
2021-10-16,2578,37,17917.0,125.9,12229.0,105.30000000000001,4545.0,4.6,1942732.0,8545352.0,40377549.0,22719.0
2021-10-17,1951,43,15484.0,126.0,8266.0,105.30000000000001,1430.0,4.6,2078035.0,8410049.0,38379103.0,23332.0
2021-10-18,1363,46,25282.0,126.3,20220.0,105.5,7673.0,4.8,1855114.0,8632970.0,43232507.0,23949.0
2021-10-19,1859,40,20181.0,126.5,9872.0,105.69999999999999,9633.0,4.9,1918387.0,8569697.0,40690738.0,23799.0
2021-10-20,2453,52,23404.0,126.69999999999999,16749.0,105.8,9603.0,9.3,1931231.0,8556853.0,43070316.0,24931.0
2021-10-21,2442,33,22969.0,126.9,12929.0,105.9,10111.0,9.7,1913224.0,8574860.0,41696085.0,24702.0
2021-10-22,2249,29,47428.0,127.39999999999999,22214.0,106.2,14746.0,10.1,1877260.0,8610824.0,45274483.0,26625.0
2021-10-23,1928,36,26868.0,127.69999999999999,10103.0,106.2,5589.0,10.3,1982889.0,8505195.0,40555597.0,23815.0
2021-10-24,1586,33,22860.0,127.9,8525.0,106.3,3054.0,10.600000000000001,2021636.0,8466448.0,35971797.0,27833.0
2021-10-25,1172,33,39743.0,128.2,9365.0,106.4,17599.0,11.0,1875514.0,8612570.0,46737951.0,26284.0
2021-10-26,1620,29,39044.0,128.6,8757.0,106.4,22593.0,11.5,1924194.0,8563890.0,44397245.0,24637.0
2021-10-27,2262,33,63521.0,129.2,15632.0,106.6,22802.0,12.2,1936221.0,8551863.0,40828826.0,23551.0
2021-10-28,2200,25,44902.0,129.6,13072.0,106.8,25044.0,12.9,1919073.0,8569011.0,43291348.0,23437.0
2021-10-29,1998,28,45578.0,130.1,13783.0,106.8,356007.0,13.6,1876059.0,8612025.0,45725439.0,26659.0
2021-10-30,1819,28,36091.0,130.4,10720.0,107.0,32056.0,14.2,1941491.0,8546593.0,41526802.0,24088.0
2021-10-31,1281,28,26265.0,130.7,8634.0,107.1,23815.0,14.6,1985339.0,8502745.0,37120466.0,27782.0
2021-11-01,946,22,51329.0,131.2,12194.0,107.1,28508.0,15.1,1900234.0,8587850.0,45158540.0,25259.0
2021-11-02,1460,25,35715.0,131.5,8340.0,107.3,26396.0,15.6,1930987.0,8557097.0,45985771.0,24813.0
2021-11-03,1876,27,40755.0,131.8,11220.0,107.4,36837.0,16.2,1916051.0,8572033.0,44639041.0,24844.0
2021-11-04,2003,20,43069.0,132.3,11738.0,107.5,41895.0,16.9,1899995.0,8588089.0,43509283.0,24442.0
2021-11-05,1823,26,31943.0,132.6,30352.0,107.80000000000001,46852.0,17.8,1880641.0,8607443.0,45606196.0,26454.0
2021-11-06,1697,21,41521.0,133.0,10136.0,107.80000000000001,30219.0,18.3,1930508.0,8557576.0,42397023.0,24396.0
2021-11-07,1359,19,28048.0,133.3,7362.0,107.9,23723.0,18.6,1622228.0,8865856.0,26916182.0,19990.0
2021-11-08,1003,16,43075.0,133.7,9199.0,108.0,25519.0,19.1,1970469.0,8517615.0,42509460.0,23977.0
2021-11-09,1495,22,43207.0,134.1,7645.0,108.1,23622.0,19.5,1942523.0,8545561.0,44456487.0,24251.0
2021-11-10,2073,16,53552.0,134.6,10379.0,108.19999999999999,35226.0,20.1,1908048.0,8580036.0,45846924.0,24363.0
2021-11-11,2048,14,55688.0,135.10000000000002,9119.0,108.19999999999999,30773.0,20.6,1923169.0,8564915.0,44987576.0,24366.0
2021-11-12,1911,22,58330.0,135.7,11565.0,108.4,41076.0,21.3,1877477.0,8610607.0,46073022.0,26415.0
2021-11-13,1645,19,48972.0,136.10000000000002,6900.0,108.4,21472.0,21.7,1965595.0,8522489.0,41433851.0,23946.0
2021-11-14,1745,10,33048.0,136.4,6194.0,108.5,21548.0,22.1,2025140.0,8462944.0,37578107.0,27676.0
2021-11-15,1205,9,40874.0,136.89999999999998,7268.0,108.6,23982.0,22.4,1899449.0,8588635.0,46600322.0,25293.0
2021-11-16,1705,18,67910.0,137.5,12339.0,108.7,25482.0,22.799999999999997,1883762.0,8604322.0,45811671.0,24512.0
2021-11-17,2253,20,64280.0,138.10000000000002,11745.0,108.80000000000001,33549.0,23.5,1892494.0,8595590.0,46979772.0,24888.0
2021-11-18,2339,19,48323.0,138.6,9623.0,108.9,39331.0,24.1,1936912.0,8551172.0,42639575.0,23209.0
2021-11-19,2437,23,50886.0,139.1,10209.0,109.0,39273.0,24.8,1879711.0,8608373.0,45514886.0,26112.0
2021-11-20,2114,17,43596.0,139.5,7638.0,109.1,26585.0,25.200000000000003,1922280.0,8565804.0,42614758.0,23992.0
2021-11-21,1637,19,24102.0,139.7,3571.0,109.1,8125.0,25.4,2089229.0,8398855.0,35339543.0,26616.0
2021-11-22,1296,20,36031.0,140.0,6134.0,109.19999999999999,20399.0,25.700000000000003,1939602.0,8548482.0,43649174.0,23729.0
2021-11-23,1745,18,36722.0,140.39999999999998,6406.0,109.19999999999999,23780.0,26.1,1924826.0,8563258.0,44297961.0,23911.0
2021-11-24,2294,20,84152.0,141.2,19775.0,109.5,29997.0,26.6,1844238.0,8643846.0,47374684.0,26750.0
2021-11-25,2244,14,92.0,141.2,61.0,109.5,44.0,26.6,1842694.0,8645390.0,47445788.0,27928.0
2021-11-26,1566,20,19768.0,141.4,5138.0,109.5,8105.0,26.700000000000003,1902384.0,8585700.0,43815021.0,26696.0
2021-11-27,1072,18,13621.0,141.5,6572.0,109.6,4697.0,26.8,1890894.0,8597190.0,44937809.0,26245.0
2021-11-28,1544,28,9092.0,141.60000000000002,5181.0,109.6,3028.0,26.8,1942179.0,8545905.0,44098331.0,26886.0
2021-11-29,1609,16,74111.0,142.4,22223.0,109.80000000000001,44656.0,27.5,1908186.0,8579898.0,45244664.0,26885.0
2021-11-30,2430,12,55843.0,142.89999999999998,27042.0,110.0,64262.0,28.6,1967003.0,8521081.0,42438177.0,25963.0
2021-12-01,3394,15,41372.0,143.2,19827.0,110.19999999999999,33391.0,29.1,1926486.0,8561598.0,42390798.0,25272.0
2021-12-02,3856,19,50743.0,143.7,23084.0,110.5,42416.0,29.700000000000003,1889606.0,8598478.0,45028868.0,25951.0
2021-12-03,3784,17,52954.0,144.2,26515.0,110.7,45603.0,30.4,1855379.0,8632705.0,45992340.0,26655.0
2021-12-04,3260,21,64811.0,144.89999999999998,32978.0,111.0,31293.0,30.9,1889683.0,8598401.0,43567698.0,26256.0
2021-12-05,2504,22,23175.0,145.10000000000002,8184.0,111.1,9636.0,31.099999999999998,1998308.0,8489776.0,39351507.0,27867.0
2021-12-06,2019,20,32115.0,145.4,11560.0,111.2,19734.0,31.4,1906342.0,8581742.0,45076390.0,25726.0
2021-12-07,2668,21,53721.0,145.89999999999998,36258.0,111.6,51706.0,32.2,1894709.0,8593375.0,46095042.0,26095.0
2021-12-08,3294,15,43380.0,146.3,18094.0,111.7,34594.0,32.8,1862153.0,8625931.0,46443971.0,25973.0
2021-12-09,4181,27,45981.0,146.8,21002.0,111.9,39950.0,33.400000000000006,1896908.0,8591176.0,44269618.0,25200.0
2021-12-10,3679,29,48430.0,147.2,21561.0,112.1,39873.0,34.0,1850638.0,8637446.0,46497625.0,26540.0
2021-12-11,3363,16,67943.0,147.9,24242.0,112.4,28107.0,34.4,1874705.0,8613379.0,42420304.0,24345.0
2021-12-12,2690,18,20556.0,148.1,5377.0,112.4,8637.0,34.6,2020822.0,8467262.0,39224704.0,23631.0
2021-12-13,1964,17,28282.0,148.39999999999998,8290.0,112.5,17356.0,34.8,1934158.0,8553926.0,42740939.0,24674.0
2021-12-14,2922,28,36460.0,148.7,15243.0,112.7,24018.0,35.1,1916634.0,8571450.0,44518608.0,25099.0
2021-12-15,3822,34,39734.0,149.10000000000002,14922.0,112.80000000000001,30536.0,35.6,1827417.0,8660667.0,46051910.0,24970.0
2021-12-16,4183,24,60374.0,149.7,28446.0,113.1,57758.0,36.5,1872727.0,8615357.0,43708693.0,23959.0
2021-12-17,4044,26,45889.0,150.1,14846.0,113.2,36376.0,37.0,1853666.0,8634418.0,45095833.0,26843.0
2021-12-18,4115,26,37573.0,150.5,12558.0,113.4,26955.0,37.4,1905140.0,8582944.0,41642477.0,24628.0
2021-12-19,3410,19,30475.0,150.7,10028.0,113.4,22941.0,37.8,1958400.0,8529684.0,40594221.0,23717.0
2021-12-20,2761,27,39402.0,151.1,11438.0,113.5,29147.0,38.3,1946899.0,8541185.0,40967778.0,24335.0
2021-12-21,3868,22,43474.0,151.5,10426.0,113.6,27465.0,38.7,1834527.0,8653557.0,46010055.0,26154.0
2021-12-22,5277,33,70371.0,152.1,17129.0,113.8,35952.0,39.2,1841022.0,8647062.0,46237616.0,26825.0
2021-12-23,6973,36,58874.0,152.7,14374.0,113.9,32799.0,39.8,1899234.0,8588850.0,41908489.0,26676.0
2021-12-24,7299,28,35862.0,153.10000000000002,10208.0,114.0,22549.0,40.099999999999994,1891722.0,8596362.0,42023025.0,27717.0
2021-12-25,6900,30,12933.0,153.2,5391.0,114.1,13439.0,40.3,1851558.0,8636526.0,44581823.0,29365.0
2021-12-26,4863,28,14422.0,153.4,5671.0,114.1,9326.0,40.5,1891714.0,8596370.0,44693994.0,27543.0
2021-12-27,4256,27,26727.0,153.60000000000002,7428.0,114.2,12917.0,40.7,1911908.0,8576176.0,42298451.0,27290.0
2021-12-28,7305,30,35022.0,153.9,9808.0,114.2,18957.0,40.9,1930507.0,8557577.0,41034579.0,27101.0
2021-12-29,15065,33,39198.0,154.3,10763.0,114.4,24133.0,41.3,1855573.0,8632511.0,44943174.0,27405.0
2021-12-30,19881,23,43014.0,154.8,12478.0,114.5,29911.0,41.8,1824779.0,8663305.0,46873702.0,27821.0
2021-12-31,21792,35,50495.0,155.2,11963.0,114.6,21988.0,42.1,1899385.0,8588699.0,41788710.0,26828.0
2022-01-01,21163,22,17708.0,155.4,6059.0,114.69999999999999,15508.0,42.400000000000006,1918321.0,8569763.0,41232149.0,26610.0
2022-01-02,11967,34,9118.0,155.5,2389.0,114.69999999999999,3084.0,42.400000000000006,1873621.0,8614463.0,44772100.0,26805.0
2022-01-03,12504,50,32362.0,155.8,9352.0,114.8,19858.0,42.7,1827833.0,8660251.0,46900677.0,26981.0
2022-01-04,17327,48,30165.0,156.0,8009.0,114.8,17323.0,43.0,1916624.0,8571460.0,42214959.0,26459.0
2022-01-05,24412,48,34307.0,156.3,9705.0,115.0,23381.0,43.3,1995998.0,8492086.0,38872076.0,24981.0
2022-01-06,29229,64,36369.0,156.7,10856.0,115.0,28137.0,43.7,1870101.0,8617983.0,43968750.0,25885.0
2022-01-07,31802,60,63996.0,157.39999999999998,16491.0,115.2,33857.0,44.2,1887146.0,8600938.0,43806042.0,25949.0
2022-01-08,32483,68,32845.0,157.60000000000002,9743.0,115.4,23191.0,44.5,1896729.0,8591355.0,42651027.0,25914.0
2022-01-09,22302,66,26874.0,157.89999999999998,7938.0,115.4,18583.0,44.8,2031407.0,8456677.0,37982553.0,25448.0
2022-01-10,17781,59,27954.0,158.10000000000002,8124.0,115.5,20043.0,45.2,1898126.0,8589958.0,44687563.0,26005.0
2022-01-11,26374,71,28824.0,158.39999999999998,8359.0,115.6,19213.0,45.4,1848297.0,8639787.0,40105645.0,22533.0
2022-01-12,32885,71,29098.0,158.8,9159.0,115.6,22449.0,45.7,1912028.0,8576056.0,43556336.0,26554.0
2022-01-13,38998,66,39307.0,159.10000000000002,12399.0,115.8,27002.0,46.1,1846532.0,8641552.0,43194931.0,24019.0
2022-01-14,37871,72,32906.0,159.39999999999998,9232.0,115.8,27507.0,46.6,1939367.0,8548717.0,41413724.0,22222.0
2022-01-15,38212,88,26364.0,159.7,6630.0,115.9,19132.0,46.9,1946357.0,8541727.0,40297959.0,23520.0
2022-01-16,35962,78,14882.0,159.8,4190.0,115.9,13063.0,47.099999999999994,1895845.0,8592239.0,43291230.0,26791.0
2022-01-17,22506,79,13944.0,159.89999999999998,4089.0,116.0,10543.0,47.2,2067793.0,8420291.0,35910139.0,22091.0
2022-01-18,18730,64,15391.0,160.10000000000002,6776.0,116.1,11332.0,47.4,1925932.0,8562152.0,41544950.0,22522.0
2022-01-19,24327,97,81166.0,160.9,42055.0,116.4,12804.0,47.4,1834505.0,8653579.0,45812384.0,24670.0
2022-01-20,36472,82,27076.0,161.1,10818.0,116.6,16058.0,47.7,1852498.0,8635586.0,42993916.0,23452.0
2022-01-21,38337,95,18240.0,161.3,7493.0,116.6,13207.0,47.9,1849251.0,8638833.0,41917149.0,24412.0
2022-01-22,35907,80,14524.0,161.4,6113.0,116.7,13079.0,48.0,1958027.0,8530057.0,41681726.0,22492.0
2022-01-23,20372,80,11649.0,161.5,6361.0,116.7,9858.0,48.099999999999994,2016486.0,8471598.0,39083343.0,25319.0
2022-01-24,11601,109,13035.0,161.6,7143.0,116.80000000000001,9225.0,48.3,1870949.0,8617135.0,41814967.0,23068.0
2022-01-25,17764,111,13111.0,161.8,7883.0,116.9,8988.0,48.4,1906127.0,8581957.0,41456883.0,23476.0
2022-01-26,22858,122,18719.0,162.0,10401.0,117.0,12525.0,48.6,1913523.0,8574561.0,42466530.0,23667.0
2022-01-27,25490,96,16959.0,162.1,10280.0,117.1,13200.0,48.7,1839376.0,8648708.0,46545321.0,27519.0
2022-01-28,21517,108,18779.0,162.3,11496.0,117.19999999999999,14708.0,49.0,1859350.0,8628734.0,41769940.0,21795.0
2022-01-29,19800,120,13535.0,162.4,7195.0,117.3,9317.0,49.099999999999994,1952408.0,8535676.0,37485736.0,19983.0
2022-01-30,11759,102,11402.0,162.5,6746.0,117.3,8444.0,49.2,1969575.0,8518509.0,37765941.0,20468.0
2022-01-31,7374,91,11547.0,162.7,7489.0,117.4,8138.0,49.3,1867142.0,8620942.0,42843171.0,20671.0
2022-02-01,9942,86,11509.0,162.8,7720.0,117.5,6906.0,49.3,1848339.0,8639745.0,43540684.0,20924.0
2022-02-02,13833,75,13652.0,162.9,8808.0,117.6,9853.0,49.5,1840025.0,8648059.0,43828734.0,21223.0
2022-02-03,13783,83,25132.0,163.2,11632.0,117.7,11256.0,49.599999999999994,1830775.0,8657309.0,42581329.0,21830.0
2022-02-04,11328,119,14443.0,163.2,10261.0,117.80000000000001,10785.0,49.7,1770676.0,8717408.0,41896471.0,20064.0
2022-02-05,9934,132,13568.0,163.39999999999998,8817.0,117.9,8868.0,49.900000000000006,1912989.0,8575095.0,38920681.0,19281.0
2022-02-06,6801,91,9089.0,163.5,6266.0,117.9,6852.0,50.0,,,,
2022-02-07,4387,91,8684.0,163.60000000000002,5608.0,117.9,6275.0,50.0,,,,
2022-02-08,8082,95,11879.0,163.7,7476.0,118.1,6215.0,50.099999999999994,,,,
2022-02-09,7901,100,9563.0,163.7,6646.0,118.1,7237.0,50.2,,,,
2022-02-10,7620,79,11809.0,163.89999999999998,7737.0,118.1,9278.0,50.2,,,,
2022-02-11,6567,89,10795.0,164.0,7390.0,118.3,8673.0,50.400000000000006,,,,
2022-02-12,5985,86,7443.0,164.10000000000002,5016.0,118.3,6103.0,50.400000000000006,,,,
2022-02-13,4034,89,8279.0,164.10000000000002,5435.0,118.3,5719.0,50.5,,,,
2022-02-14,2673,81,7314.0,164.2,4589.0,118.4,5563.0,50.599999999999994,,,,
2022-02-15,3304,61,7734.0,164.3,5297.0,118.4,4811.0,50.7,,,,
2022-02-16,4586,68,7019.0,164.3,5269.0,118.5,5585.0,50.7,,,,
2022-02-17,4836,69,10011.0,164.4,9040.0,118.6,6770.0,50.8,,,,
2022-02-18,3985,63,9233.0,164.5,6684.0,118.6,7204.0,50.9,,,,
2022-02-19,3287,63,7122.0,164.6,4999.0,118.7,5287.0,51.0,,,,
2022-02-20,2356,69,8012.0,164.6,5609.0,118.80000000000001,5262.0,51.1,,,,
2022-02-21,1505,54,6777.0,164.8,4463.0,118.80000000000001,4413.0,51.1,,,,
2022-02-22,2087,51,5912.0,164.8,4072.0,118.80000000000001,3799.0,51.1,,,,
2022-02-23,2786,47,8112.0,164.89999999999998,5550.0,118.80000000000001,5334.0,51.2,,,,
2022-02-24,2533,50,7450.0,165.0,5124.0,119.0,5779.0,51.3,,,,
2022-02-25,2894,39,8691.0,165.0,5841.0,119.0,6666.0,51.3,,,,
2022-02-26,1960,45,7430.0,165.10000000000002,4622.0,119.0,5011.0,51.400000000000006,,,,
2022-02-27,1246,43,5306.0,165.2,3853.0,119.0,3743.0,51.5,,,,
2022-02-28,682,36,5445.0,165.2,3831.0,119.1,3892.0,51.5,,,,
2022-03-01,1180,23,5393.0,165.2,3335.0,119.19999999999999,3236.0,51.5,,,,
2022-03-02,1524,40,7131.0,165.3,4830.0,119.19999999999999,5187.0,51.5,,,,
2022-03-03,1438,34,5887.0,165.4,4072.0,119.19999999999999,4702.0,51.7,,,,
2022-03-04,1326,34,6874.0,165.4,4740.0,119.19999999999999,5429.0,51.7,,,,
2022-03-05,1125,28,6260.0,165.5,4204.0,119.3,4442.0,51.7,,,,
2022-03-06,676,33,5107.0,165.5,3139.0,119.3,4492.0,51.8,,,,
2022-03-07,411,29,4742.0,165.6,3000.0,119.4,4643.0,51.9,,,,
2022-03-08,727,36,3875.0,165.6,2475.0,119.4,2591.0,51.9,,,,
2022-03-09,953,37,5464.0,165.7,3550.0,119.4,3868.0,52.0,,,,
2022-03-10,915,29,6401.0,165.7,4555.0,119.5,5857.0,52.0,,,,
2022-03-11,846,31,5816.0,165.8,4368.0,119.5,5030.0,52.1,,,,
2022-03-12,770,17,5940.0,165.9,3923.0,119.5,4451.0,52.2,,,,
2022-03-13,389,17,4713.0,165.9,3575.0,119.5,3422.0,52.2,,,,
2022-03-14,348,15,4212.0,165.9,2838.0,119.6,3985.0,52.3,,,,
2022-03-15,508,16,4225.0,166.0,2604.0,119.7,2760.0,52.3,,,,
2022-03-16,628,19,4847.0,166.0,3619.0,119.7,3661.0,52.3,,,,
2022-03-17,643,21,4358.0,166.1,2870.0,119.7,3533.0,52.4,,,,
2022-03-18,667,23,4842.0,166.1,3243.0,119.7,3618.0,52.4,,,,
2022-03-19,501,15,4311.0,166.1,2950.0,119.7,3115.0,52.5,,,,
2022-03-20,377,18,2115.0,166.2,1283.0,119.7,1312.0,52.5,,,,
2022-03-21,217,17,3441.0,166.2,2308.0,119.7,2617.0,52.5,,,,
2022-03-22,457,16,5198.0,166.3,2889.0,119.8,2827.0,52.5,,,,
2022-03-23,713,13,3806.0,166.3,2519.0,119.9,2901.0,52.5,,,,
2022-03-24,630,11,4173.0,166.3,2603.0,119.9,3309.0,52.6,,,,
2022-03-25,897,8,4700.0,166.4,3050.0,119.9,3918.0,52.7,,,,
2022-03-26,591,12,4310.0,166.4,2684.0,119.9,3938.0,52.7,,,,
2022-03-27,314,10,2989.0,166.4,1859.0,119.9,2383.0,52.7,,,,
2022-03-28,254,10,4208.0,166.5,2502.0,119.9,2717.0,52.8,,,,
2022-03-29,540,10,3974.0,166.5,2623.0,119.9,2252.0,52.8,,,,
2022-03-30,536,10,5258.0,166.6,5281.0,120.1,3300.0,52.9,,,,
2022-03-31,758,10,6998.0,166.7,7558.0,120.1,4221.0,52.9,,,,
2022-04-01,601,7,8470.0,166.7,10625.0,120.19999999999999,4544.0,52.9,,,,
2022-04-02,568,4,7075.0,166.8,8432.0,120.3,3927.0,52.9,,,,
2022-04-03,384,9,7328.0,166.8,8151.0,120.3,3772.0,53.0,,,,
2022-04-04,269,3,6923.0,166.9,8447.0,120.5,4359.0,53.0,,,,
2022-04-05,453,4,8189.0,167.0,9949.0,120.5,3919.0,53.0,,,,
2022-04-06,691,8,7679.0,167.1,9385.0,120.7,4932.0,53.0,,,,
2022-04-07,816,9,7500.0,167.1,8353.0,120.7,4829.0,53.1,,,,
2022-04-08,848,10,10441.0,167.3,11807.0,120.80000000000001,6099.0,53.1,,,,
2022-04-09,843,6,6930.0,167.3,8541.0,120.9,3644.0,53.2,,,,
2022-04-10,706,6,5687.0,167.4,6579.0,120.9,3367.0,53.2,,,,
2022-04-11,507,4,7371.0,167.4,8644.0,121.1,4191.0,53.2,,,,
2022-04-12,825,6,10573.0,167.6,12218.0,121.1,3999.0,53.2,,,,
2022-04-13,1235,7,8486.0,167.6,10001.0,121.3,5039.0,53.2,,,,
2022-04-14,1433,9,8066.0,167.7,9651.0,121.3,5325.0,53.3,,,,
2022-04-15,1461,6,8267.0,167.8,9459.0,121.4,4653.0,53.400000000000006,,,,
2022-04-16,1256,11,6109.0,167.8,6884.0,121.5,3590.0,53.400000000000006,,,,
2022-04-17,905,6,3556.0,167.8,3679.0,121.5,2666.0,53.400000000000006,,,,
2022-04-18,684,1,5254.0,167.9,5993.0,121.6,2781.0,53.400000000000006,,,,
2022-04-19,939,5,6812.0,168.0,8158.0,121.7,3185.0,53.400000000000006,,,,
2022-04-20,1524,5,9682.0,168.0,11169.0,121.7,4472.0,53.400000000000006,,,,
2022-04-21,1852,2,7450.0,168.2,8771.0,121.9,4627.0,53.5,,,,
2022-04-22,1869,2,7546.0,168.2,7600.0,121.9,4979.0,53.599999999999994,,,,
2022-04-23,1709,4,6504.0,168.2,6849.0,122.0,3311.0,53.599999999999994,,,,
2022-04-24,1250,7,4909.0,168.4,5339.0,122.1,3856.0,53.599999999999994,,,,
2022-04-25,1037,5,5230.0,168.4,5662.0,122.1,3172.0,53.599999999999994,,,,
2022-04-26,1554,8,5512.0,168.4,5938.0,122.1,2456.0,53.599999999999994,,,,
2022-04-27,2368,12,6392.0,168.5,7051.0,122.3,3629.0,53.599999999999994,,,,
2022-04-28,2061,4,9428.0,168.6,9438.0,122.3,4863.0,53.599999999999994,,,,
2022-04-29,2421,5,7854.0,168.6,7896.0,122.4,4243.0,53.8,,,,
2022-04-30,2158,2,5515.0,168.8,5887.0,122.5,3034.0,53.8,,,,
2022-05-01,1516,5,4416.0,168.8,4328.0,122.5,2642.0,53.8,,,,
2022-05-02,1261,7,4947.0,168.8,5131.0,122.5,2775.0,53.8,,,,
2022-05-03,1659,8,5871.0,168.8,6182.0,122.6,2515.0,53.8,,,,
2022-05-04,2957,8,5909.0,169.0,6258.0,122.7,3284.0,53.8,,,,
2022-05-05,3144,6,6374.0,169.0,6618.0,122.7,4056.0,53.8,,,,
2022-05-06,2999,5,6451.0,169.0,7101.0,122.80000000000001,3868.0,53.900000000000006,,,,
2022-05-07,2780,2,8597.0,169.10000000000002,8732.0,122.9,3443.0,53.900000000000006,,,,
2022-05-08,2396,3,3788.0,169.2,3896.0,122.9,2251.0,53.900000000000006,,,,
2022-05-09,1639,8,4896.0,169.2,4902.0,122.9,2846.0,54.0,,,,
2022-05-10,2481,10,6655.0,169.2,6731.0,123.0,2580.0,54.0,,,,
2022-05-11,3728,7,5954.0,169.3,6621.0,123.1,2968.0,54.0,,,,
2022-05-12,4026,11,7327.0,169.4,7622.0,123.1,4548.0,54.0,,,,
2022-05-13,3945,4,7551.0,169.4,7811.0,123.3,4522.0,54.0,,,,
2022-05-14,3858,2,6431.0,169.5,6206.0,123.3,2332.0,54.099999999999994,,,,
2022-05-15,3269,5,3934.0,169.6,4029.0,123.3,2470.0,54.099999999999994,,,,
2022-05-16,2533,10,5511.0,169.6,5337.0,123.4,2875.0,54.099999999999994,,,,
2022-05-17,2895,11,5542.0,169.6,5561.0,123.5,2494.0,54.099999999999994,,,,
2022-05-18,4831,11,8039.0,169.8,7461.0,123.5,5037.0,54.2,,,,
2022-05-19,5233,5,5815.0,169.8,6556.0,123.5,2586.0,54.2,,,,
2022-05-20,4833,5,7279.0,169.8,7136.0,123.7,4542.0,54.2,,,,
2022-05-21,4702,2,6055.0,170.0,6097.0,123.7,3652.0,54.2,,,,
2022-05-22,3570,6,4483.0,170.0,4268.0,123.7,3361.0,54.3,,,,
2022-05-23,2443,5,6390.0,170.0,5989.0,123.8,4031.0,54.3,,,,
2022-05-24,3410,9,8324.0,170.10000000000002,7427.0,123.9,3580.0,54.400000000000006,,,,
2022-05-25,4956,13,7146.0,170.2,7095.0,123.9,4120.0,54.400000000000006,,,,
2022-05-26,4986,13,6507.0,170.2,5627.0,124.0,4309.0,54.400000000000006,,,,
2022-05-27,4758,8,7441.0,170.3,7331.0,124.1,4992.0,54.5,,,,
2022-05-28,4185,8,5513.0,170.4,5015.0,124.1,3509.0,54.5,,,,
2022-05-29,3388,10,4385.0,170.4,3904.0,124.1,3328.0,54.5,,,,
2022-05-30,2519,9,2342.0,170.5,1840.0,124.2,1837.0,54.5,,,,
2022-05-31,2261,9,3755.0,170.5,3645.0,124.2,2449.0,54.599999999999994,,,,
2022-06-01,3023,15,4343.0,170.5,3967.0,124.2,2482.0,54.599999999999994,,,,
2022-06-02,5423,13,5947.0,170.6,5302.0,124.3,3668.0,54.7,,,,
2022-06-03,5254,14,9166.0,170.7,8213.0,124.4,4607.0,54.7,,,,
2022-06-04,4457,7,6457.0,170.7,4501.0,124.4,3716.0,54.7,,,,
2022-06-05,3283,8,4014.0,170.7,3210.0,124.4,2741.0,54.7,,,,
2022-06-06,2262,5,4983.0,170.7,4043.0,124.4,3341.0,54.8,,,,
2022-06-07,3119,10,4763.0,170.89999999999998,4105.0,124.5,2720.0,54.8,,,,
2022-06-08,4262,11,5906.0,170.89999999999998,5174.0,124.6,3447.0,54.8,,,,
2022-06-09,4388,10,5817.0,170.89999999999998,4722.0,124.6,3743.0,54.900000000000006,,,,
2022-06-10,4192,13,6003.0,171.0,5035.0,124.6,4453.0,54.900000000000006,,,,
2022-06-11,3951,17,6352.0,171.10000000000002,5598.0,124.69999999999999,3309.0,54.900000000000006,,,,
2022-06-12,2739,10,3655.0,171.10000000000002,2911.0,124.8,2583.0,54.900000000000006,,,,
2022-06-13,2156,14,3492.0,171.10000000000002,2745.0,124.8,2005.0,54.900000000000006,,,,
2022-06-14,2909,12,4031.0,171.10000000000002,3096.0,124.8,2211.0,55.0,,,,
2022-06-15,3775,16,4844.0,171.3,4042.0,124.8,3202.0,55.099999999999994,,,,
2022-06-16,3901,4,4723.0,171.3,4056.0,124.8,3385.0,55.099999999999994,,,,
2022-06-17,3804,8,2692.0,85.8,2125.0,62.6,1936.0,27.9,,,,
2022-06-18,3780,14,1342.0,85.8,992.0,62.6,541.0,27.9,,,,
2022-06-19,2767,8,643.0,85.8,497.0,62.6,279.0,27.9,,,,
2022-06-20,2099,7,2234.0,85.8,1647.0,62.6,1343.0,27.9,,,,
2022-06-21,2600,6,2871.0,85.9,2013.0,62.6,1567.0,28.0,,,,
2022-06-22,3966,18,,,,,,,,,,
2022-06-23,4421,9,,,,,,,,,,
2022-06-24,4041,22,,,,,,,,,,
2022-06-25,4027,12,,,,,,,,,,
2022-06-26,2971,9,,,,,,,,,,
2022-06-27,2252,12,,,,,,,,,,
2022-06-28,3181,9,,,,,,,,,,
2022-06-29,4610,11,,,,,,,,,,
2022-06-30,4576,11,,,,,,,,,,
2022-07-01,4491,10,,,,,,,,,,
2022-07-02,4115,11,,,,,,,,,,
2022-07-03,3158,19,,,,,,,,,,
2022-07-04,2282,11,,,,,,,,,,
2022-07-05,2004,14,,,,,,,,,,
2022-07-06,2851,14,,,,,,,,,,
2022-07-07,4820,16,,,,,,,,,,
2022-07-08,5334,12,,,,,,,,,,
2022-07-09,4779,9,,,,,,,,,,
2022-07-10,3684,12,,,,,,,,,,
2022-07-11,2521,13,,,,,,,,,,
2022-07-12,3909,7,,,,,,,,,,
2022-07-13,5173,9,,,,,,,,,,
2022-07-14,4899,20,,,,,,,,,,
2022-07-15,4987,16,,,,,,,,,,
2022-07-16,4857,13,,,,,,,,,,
2022-07-17,3552,8,,,,,,,,,,
2022-07-18,2672,17,,,,,,,,,,
2022-07-19,4301,19,,,,,,,,,,
2022-07-20,5707,11,,,,,,,,,,
2022-07-21,5950,13,,,,,,,,,,
2022-07-22,5639,15,,,,,,,,,,
2022-07-23,5246,19,,,,,,,,,,
2022-07-24,4204,17,,,,,,,,,,
2022-07-25,3164,14,,,,,,,,,,
2022-07-26,4460,11,,,,,,,,,,
2022-07-27,6549,12,,,,,,,,,,
2022-07-28,5761,15,,,,,,,,,,
2022-07-29,5876,16,,,,,,,,,,
2022-07-30,5453,12,,,,,,,,,,
2022-07-31,3776,15,,,,,,,,,,
2022-08-01,2950,19,,,,,,,,,,
2022-08-02,4368,12,,,,,,,,,,
2022-08-03,5334,13,,,,,,,,,,
2022-08-04,5590,14,,,,,,,,,,
2022-08-05,5278,14,,,,,,,,,,
2022-08-06,4932,11,,,,,,,,,,
2022-08-07,3512,17,,,,,,,,,,
2022-08-08,2764,14,,,,,,,,,,
2022-08-09,3725,14,,,,,,,,,,
2022-08-10,5063,16,,,,,,,,,,
2022-08-11,5052,16,,,,,,,,,,
2022-08-12,4499,13,,,,,,,,,,
2022-08-13,4410,18,,,,,,,,,,
2022-08-14,2676,15,,,,,,,,,,
2022-08-15,2262,16,,,,,,,,,,
2022-08-16,3338,17,,,,,,,,,,
2022-08-17,4021,13,,,,,,,,,,
2022-08-18,3926,18,,,,,,,,,,
2022-08-19,3905,10,,,,,,,,,,
2022-08-20,3588,18,,,,,,,,,,
2022-08-21,2446,18,,,,,,,,,,
2022-08-22,1912,15,,,,,,,,,,
2022-08-23,3090,11,,,,,,,,,,
2022-08-24,3881,16,,,,,,,,,,
2022-08-25,4051,14,,,,,,,,,,
2022-08-26,3679,9,,,,,,,,,,
2022-08-27,3326,21,,,,,,,,,,
2022-08-28,2414,15,,,,,,,,,,
2022-08-29,1873,10,,,,,,,,,,
2022-08-30,2906,12,,,,,,,,,,
2022-08-31,3875,14,,,,,,,,,,
2022-09-01,3674,15,,,,,,,,,,
2022-09-02,3603,10,,,,,,,,,,
2022-09-03,3206,10,,,,,,,,,,
2022-09-04,2315,13,,,,,,,,,,
2022-09-05,1701,13,,,,,,,,,,
2022-09-06,1790,9,,,,,,,,,,
2022-09-07,2726,10,,,,,,,,,,
2022-09-08,4384,10,,,,,,,,,,
2022-09-09,3914,12,,,,,,,,,,
2022-09-10,3599,18,,,,,,,,,,
2022-09-11,2390,10,,,,,,,,,,
2022-09-12,1737,13,,,,,,,,,,
2022-09-13,2928,20,,,,,,,,,,
2022-09-14,3596,13,,,,,,,,,,
2022-09-15,3434,13,,,,,,,,,,
2022-09-16,3232,6,,,,,,,,,,
2022-09-17,3042,6,,,,,,,,,,
2022-09-18,1941,10,,,,,,,,,,
2022-09-19,1441,13,,,,,,,,,,
2022-09-20,2460,11,,,,,,,,,,
2022-09-21,2994,11,,,,,,,,,,
2022-09-22,2771,12,,,,,,,,,,
2022-09-23,2502,8,,,,,,,,,,
2022-09-24,2511,10,,,,,,,,,,
2022-09-25,1487,7,,,,,,,,,,
2022-09-26,1064,7,,,,,,,,,,
2022-09-27,1916,6,,,,,,,,,,
2022-09-28,2189,5,,,,,,,,,,
2022-09-29,2452,8,,,,,,,,,,
2022-09-30,1879,3,,,,,,,,,,
2022-10-01,1620,2,,,,,,,,,,
2022-10-02,1031,6,,,,,,,,,,
2022-10-03,905,4,,,,,,,,,,
2022-10-04,1461,3,,,,,,,,,,
2022-10-05,1707,8,,,,,,,,,,
2022-10-06,1751,4,,,,,,,,,,
2022-10-07,1516,5,,,,,,,,,,
2022-10-08,1415,1,,,,,,,,,,
2022-10-09,1002,1,,,,,,,,,,
2022-10-10,729,3,,,,,,,,,,
2022-10-11,1209,1,,,,,,,,,,
