,Admin_Dose_1_Daily,Booster_Daily,new_case,new_death,Population Staying at Home,Population Not Staying at Home,Number of Trips
2020-12-13,121.0,0.0,5416,80,2824126.0,7663958.0,26997271.0
2020-12-14,35.0,0.0,4158,57,2633024.0,7855060.0,29452421.0
2020-12-15,885.0,0.0,5418,81,2531246.0,7956838.0,31061593.0
2020-12-16,3510.0,0.0,6111,68,2681653.0,7806431.0,28276191.0
2020-12-17,4872.0,0.0,7234,84,2508980.0,7979104.0,31537642.0
2020-12-18,10449.0,0.0,7722,68,2610452.0,7877632.0,33191461.0
2020-12-19,4540.0,0.0,6404,74,2761647.0,7726437.0,32032082.0
2020-12-20,4443.0,0.0,5640,64,2873923.0,7614161.0,24100396.0
2020-12-21,10820.0,0.0,4736,65,2755127.0,7732957.0,30583056.0
2020-12-22,13190.0,0.0,5403,75,2820738.0,7667346.0,32420342.0
2020-12-23,15242.0,0.0,6869,79,2850419.0,7637665.0,33414137.0
2020-12-24,3428.0,0.0,6958,66,2929391.0,7558693.0,27803816.0
2020-12-25,10.0,0.0,5445,77,3141040.0,7347044.0,16974623.0
2020-12-26,2244.0,0.0,4037,74,2923439.0,7564645.0,27756977.0
2020-12-27,1605.0,0.0,2777,72,2958734.0,7529350.0,26479383.0
2020-12-28,15192.0,0.0,4176,80,2675409.0,7812675.0,30456007.0
2020-12-29,18813.0,0.0,4894,102,2611031.0,7877053.0,31329017.0
2020-12-30,20580.0,0.0,8009,83,2581079.0,7907005.0,31731248.0
2020-12-31,12503.0,0.0,10281,94,2556877.0,7931207.0,32087779.0
2021-01-01,863.0,0.0,11001,81,3087015.0,7401069.0,25273003.0
2021-01-02,5235.0,0.0,6438,116,2705224.0,7782860.0,30282585.0
2021-01-03,3421.0,0.0,6547,83,2962762.0,7525322.0,26577322.0
2021-01-04,14294.0,0.0,4754,83,2429620.0,8058464.0,32161522.0
2021-01-05,18928.0,0.0,7826,129,2395732.0,8092352.0,30903804.0
2021-01-06,29744.0,0.0,8841,92,2265820.0,8222264.0,32054352.0
2021-01-07,29879.0,0.0,10647,104,2229667.0,8258417.0,32575065.0
2021-01-08,21121.0,0.0,10939,101,2417040.0,8071044.0,30639577.0
2021-01-09,7092.0,0.0,9495,95,2424839.0,8063245.0,32072098.0
2021-01-10,3840.0,0.0,7989,93,2575866.0,7912218.0,28805789.0
2021-01-11,25731.0,0.0,5772,91,2408059.0,8080025.0,30839550.0
2021-01-12,37715.0,0.0,5783,113,2372273.0,8115811.0,30723956.0
2021-01-13,38418.0,0.0,7630,106,2330612.0,8157472.0,31974075.0
2021-01-14,43107.0,0.0,7934,95,2277339.0,8210745.0,32346667.0
2021-01-15,39998.0,0.0,9064,101,2240424.0,8247660.0,34944447.0
2021-01-16,17987.0,0.0,7234,129,2449866.0,8038218.0,35860849.0
2021-01-17,9574.0,0.0,6330,101,2366482.0,8121602.0,31761851.0
2021-01-18,20228.0,0.0,4163,85,2105995.0,8382089.0,35468821.0
2021-01-19,46745.0,0.0,5382,111,2424354.0,8063730.0,30567386.0
2021-01-20,57323.0,0.0,6458,124,2355212.0,8132872.0,31579270.0
2021-01-21,62885.0,0.0,7095,113,2197600.0,8290484.0,33356055.0
2021-01-22,66427.0,0.0,6818,98,2103594.0,8384490.0,35141964.0
2021-01-23,38278.0,0.0,6661,92,2196885.0,8291199.0,34155242.0
2021-01-24,16492.0,0.0,5261,90,2459395.0,8028689.0,30376562.0
2021-01-25,36577.0,0.0,3750,76,2329390.0,8158694.0,29955245.0
2021-01-26,37849.0,0.0,4697,100,2226272.0,8261812.0,31997905.0
2021-01-27,38657.0,0.0,5361,79,2217320.0,8270764.0,32114715.0
2021-01-28,33264.0,0.0,6414,111,2321199.0,8166885.0,30705031.0
2021-01-29,38381.0,0.0,5137,85,2172504.0,8315580.0,33721098.0
2021-01-30,22158.0,0.0,5811,90,2212213.0,8275871.0,33709659.0
2021-01-31,11743.0,0.0,4328,77,2656900.0,7831184.0,27872744.0
2021-02-01,19994.0,0.0,2734,85,2286378.0,8201706.0,33172569.0
2021-02-02,22869.0,0.0,10529,93,2249869.0,8238215.0,33461987.0
2021-02-03,31289.0,0.0,4579,64,2173451.0,8314633.0,32926636.0
2021-02-04,42476.0,0.0,5522,56,2125676.0,8362408.0,33240601.0
2021-02-05,41508.0,0.0,4468,69,2048823.0,8439261.0,35410216.0
2021-02-06,26712.0,0.0,4481,56,2116831.0,8371253.0,34633885.0
2021-02-07,4607.0,0.0,3285,54,2425544.0,8062540.0,32837859.0
2021-02-08,22313.0,0.0,2693,67,2225243.0,8262841.0,35900759.0
2021-02-09,16543.0,0.0,3246,57,2213109.0,8274975.0,36701444.0
2021-02-10,29830.0,0.0,3748,63,2167830.0,8320254.0,36209695.0
2021-02-11,1079681.0,0.0,4236,62,2119010.0,8369074.0,36054081.0
2021-02-12,76834.0,0.0,3711,39,2047474.0,8440610.0,34525133.0
2021-02-13,72597.0,0.0,3609,55,2395113.0,8092971.0,31927358.0
2021-02-14,59230.0,0.0,2460,53,2387521.0,8100563.0,32149748.0
2021-02-15,43215.0,0.0,1911,42,2086139.0,8401945.0,37100105.0
2021-02-16,22424.0,0.0,2311,45,1985347.0,8502737.0,38860757.0
2021-02-17,45426.0,0.0,3242,40,1975440.0,8512644.0,38354198.0
2021-02-18,28528.0,0.0,3283,42,2281741.0,8206343.0,32787006.0
2021-02-19,118826.0,0.0,3187,34,2009667.0,8478417.0,36776245.0
2021-02-20,28437.0,0.0,2512,29,2186639.0,8301445.0,35646750.0
2021-02-21,23819.0,0.0,2073,35,2215822.0,8272262.0,35073157.0
2021-02-22,27377.0,0.0,1552,38,2086008.0,8402076.0,36885518.0
2021-02-23,21687.0,0.0,2455,28,1991991.0,8496093.0,39562277.0
2021-02-24,68739.0,0.0,2672,39,1972196.0,8515888.0,39389132.0
2021-02-25,78899.0,0.0,2879,28,1971502.0,8516582.0,40257611.0
2021-02-26,114479.0,0.0,2550,32,1949320.0,8538764.0,39382141.0
2021-02-27,97961.0,0.0,2114,27,2049833.0,8438251.0,38226576.0
2021-02-28,83432.0,0.0,1724,21,2198208.0,8289876.0,37367115.0
2021-03-01,81156.0,0.0,1031,21,2056202.0,8431882.0,39293177.0
2021-03-02,46567.0,0.0,1634,21,1994002.0,8494082.0,40101751.0
2021-03-03,97084.0,0.0,2151,21,2024671.0,8463413.0,40040220.0
2021-03-04,99264.0,0.0,2329,21,1950493.0,8537591.0,40594438.0
2021-03-05,88760.0,0.0,1940,17,1871536.0,8616548.0,40536568.0
2021-03-06,95776.0,0.0,1744,16,2003913.0,8484171.0,37996478.0
2021-03-07,64909.0,0.0,1308,21,2175617.0,8312467.0,35502561.0
2021-03-08,81512.0,0.0,975,13,2000802.0,8487282.0,38740047.0
2021-03-09,65951.0,0.0,1428,17,1970715.0,8517369.0,40442414.0
2021-03-10,129131.0,0.0,1832,21,1913609.0,8574475.0,41330295.0
2021-03-11,144860.0,0.0,1897,18,1897840.0,8590244.0,39907387.0
2021-03-12,142070.0,0.0,1713,10,1799709.0,8688375.0,42956394.0
2021-03-13,147727.0,0.0,1803,14,1942760.0,8545324.0,38311308.0
2021-03-14,99423.0,0.0,1328,14,1985472.0,8502612.0,38048019.0
2021-03-15,89625.0,0.0,1101,14,1947461.0,8540623.0,38312726.0
2021-03-16,102435.0,0.0,1548,9,1941360.0,8546724.0,40386648.0
2021-03-17,120205.0,0.0,1781,11,1851440.0,8636644.0,40317945.0
2021-03-18,145032.0,0.0,1970,14,1995243.0,8492841.0,38341598.0
2021-03-19,139466.0,0.0,1972,18,1794577.0,8693507.0,39914418.0
2021-03-20,115019.0,0.0,1816,18,1906413.0,8581671.0,38370088.0
2021-03-21,85973.0,0.0,1384,15,1932038.0,8556046.0,35043780.0
2021-03-22,97805.0,0.0,893,9,1865007.0,8623077.0,42467915.0
2021-03-23,67888.0,0.0,1509,9,1791641.0,8696443.0,45812734.0
2021-03-24,122686.0,0.0,1889,14,1834358.0,8653726.0,43463709.0
2021-03-25,121667.0,0.0,1974,10,1813928.0,8674156.0,44601812.0
2021-03-26,126708.0,0.0,2060,8,1648119.0,8482421.0,40618995.0
2021-03-27,103359.0,0.0,1889,12,1847704.0,8640380.0,40853176.0
2021-03-28,59564.0,0.0,1490,13,2022250.0,8465834.0,35469129.0
2021-03-29,63579.0,0.0,1012,10,1936588.0,8551496.0,40107799.0
2021-03-30,44954.0,0.0,1553,9,1842198.0,8645886.0,43873578.0
2021-03-31,117563.0,0.0,1880,18,1873201.0,8614883.0,40829092.0
2021-04-01,130783.0,0.0,2084,9,1894340.0,8593744.0,42527945.0
2021-04-02,84334.0,0.0,1886,11,1793661.0,8694423.0,41086032.0
2021-04-03,109835.0,0.0,1724,11,1862201.0,8625883.0,39692207.0
2021-04-04,41276.0,0.0,1217,15,2027579.0,8460505.0,32740171.0
2021-04-05,68182.0,0.0,974,8,1891252.0,8596832.0,42625091.0
2021-04-06,61434.0,0.0,1139,10,1827860.0,8660224.0,41809260.0
2021-04-07,100239.0,0.0,1841,3,1846577.0,8641507.0,43317771.0
2021-04-08,115370.0,0.0,2087,16,1763647.0,8724437.0,43650760.0
2021-04-09,122770.0,0.0,2283,8,1696257.0,8791827.0,44167196.0
2021-04-10,119531.0,0.0,2093,13,1811737.0,8676347.0,40995855.0
2021-04-11,80491.0,0.0,1568,14,1947650.0,8540434.0,38277022.0
2021-04-12,86303.0,0.0,1257,12,1858776.0,8629308.0,45316914.0
2021-04-13,63658.0,0.0,1899,11,1813473.0,8674611.0,46348330.0
2021-04-14,89922.0,0.0,2116,8,1886438.0,8601646.0,45184760.0
2021-04-15,77446.0,0.0,2438,5,1798246.0,8689838.0,45879471.0
2021-04-16,80362.0,0.0,2301,9,1713667.0,8774417.0,49060839.0
2021-04-17,72220.0,0.0,2167,16,1819857.0,8668227.0,41133821.0
2021-04-18,52463.0,0.0,1560,14,1974607.0,8513477.0,38448971.0
2021-04-19,56433.0,0.0,1156,10,1841338.0,8646746.0,44180539.0
2021-04-20,44388.0,0.0,1562,13,1747675.0,8740409.0,46476940.0
2021-04-21,54826.0,0.0,1990,10,1824054.0,8664030.0,44952693.0
2021-04-22,58422.0,0.0,2214,15,1887422.0,8600662.0,37766970.0
2021-04-23,68179.0,0.0,1947,14,1801862.0,8686222.0,38382823.0
2021-04-24,50761.0,0.0,2407,11,1895539.0,8592545.0,33485284.0
2021-04-25,47411.0,0.0,1465,14,1995442.0,8492642.0,31117297.0
2021-04-26,43884.0,0.0,1021,10,1876228.0,8611856.0,38465811.0
2021-04-27,45786.0,0.0,1424,10,1892504.0,8595580.0,37515699.0
2021-04-28,29884.0,1.0,1769,16,1890437.0,8597647.0,38185995.0
2021-04-29,45786.0,0.0,2243,9,1852152.0,8635932.0,40410875.0
2021-04-30,50258.0,0.0,1980,14,1819161.0,8668923.0,39230293.0
2021-05-01,38561.0,0.0,1706,11,1898949.0,8589135.0,35611644.0
2021-05-02,31609.0,0.0,1333,6,2016178.0,8471906.0,31284847.0
2021-05-03,24335.0,0.0,912,12,1856720.0,8631364.0,37248643.0
2021-05-04,22656.0,0.0,1261,16,1863225.0,8624859.0,37930230.0
2021-05-05,27632.0,0.0,1700,17,1878689.0,8609395.0,39920191.0
2021-05-06,32588.0,0.0,1725,14,1860765.0,8627319.0,40351696.0
2021-05-07,36402.0,0.0,1523,8,1793765.0,8694319.0,38785914.0
2021-05-08,27979.0,0.0,1378,14,1895429.0,8592655.0,35417223.0
2021-05-09,19168.0,0.0,1141,14,2020401.0,8467683.0,31853079.0
2021-05-10,20259.0,0.0,662,5,1860526.0,8627558.0,39841983.0
2021-05-11,18721.0,0.0,994,20,1861494.0,8626590.0,38608806.0
2021-05-12,22624.0,0.0,1320,11,1859822.0,8628262.0,39062114.0
2021-05-13,36489.0,0.0,1295,8,1859619.0,8628465.0,39800995.0
2021-05-14,39577.0,0.0,1143,16,1793891.0,8694193.0,41473725.0
2021-05-15,40274.0,0.0,1077,11,1871478.0,8616606.0,37247873.0
2021-05-16,33511.0,0.0,808,14,1966275.0,8521809.0,32894332.0
2021-05-17,44164.0,0.0,501,18,1902353.0,8585731.0,41155285.0
2021-05-18,34795.0,0.0,787,9,1842945.0,8645139.0,38722525.0
2021-05-19,46479.0,0.0,1148,13,1859054.0,8629030.0,41666436.0
2021-05-20,44603.0,0.0,1068,18,1855917.0,8632167.0,40791839.0
2021-05-21,45429.0,0.0,969,15,1776079.0,8712005.0,40687039.0
2021-05-22,39184.0,0.0,1054,10,1873843.0,8614241.0,36404037.0
2021-05-23,27797.0,0.0,626,7,1918224.0,8569860.0,35729959.0
2021-05-24,29553.0,0.0,445,10,1821775.0,8666309.0,38872888.0
2021-05-25,23512.0,0.0,711,8,1929473.0,8558611.0,36938987.0
2021-05-26,30515.0,0.0,875,13,1870965.0,8617119.0,36784030.0
2021-05-27,29177.0,0.0,880,8,1891387.0,8596697.0,37711359.0
2021-05-28,28869.0,0.0,730,6,1814857.0,8673227.0,37715684.0
2021-05-29,23212.0,0.0,679,8,1858343.0,8629741.0,34447348.0
2021-05-30,15742.0,0.0,470,8,1950912.0,8537172.0,31609142.0
2021-05-31,8731.0,0.0,310,7,1966910.0,8521174.0,34803904.0
2021-06-01,16666.0,0.0,289,11,1858105.0,8629979.0,38541563.0
2021-06-02,14948.0,0.0,421,9,1840612.0,8647472.0,36942744.0
2021-06-03,21432.0,0.0,684,12,1838786.0,8649298.0,38920994.0
2021-06-04,24434.0,0.0,603,5,1784402.0,8703682.0,39179629.0
2021-06-05,17656.0,0.0,517,6,1873644.0,8614440.0,35451501.0
2021-06-06,12506.0,0.0,368,6,1962998.0,8525086.0,32179713.0
2021-06-07,18670.0,0.0,273,11,1848703.0,8639381.0,39743145.0
2021-06-08,15739.0,0.0,382,5,1875952.0,8612132.0,38302979.0
2021-06-09,15682.0,0.0,462,0,1869266.0,8618818.0,36947224.0
2021-06-10,20382.0,0.0,481,11,1823393.0,8664691.0,36850741.0
2021-06-11,15129.0,0.0,478,9,1783968.0,8704116.0,39200567.0
2021-06-12,15863.0,0.0,456,6,1859254.0,8628830.0,35323639.0
2021-06-13,12301.0,0.0,333,4,1997428.0,8490656.0,31664349.0
2021-06-14,14799.0,0.0,202,6,1884330.0,8603754.0,36837267.0
2021-06-15,15176.0,0.0,327,7,1837086.0,8650998.0,39327138.0
2021-06-16,16716.0,0.0,504,3,1891127.0,8596957.0,37596754.0
2021-06-17,18491.0,0.0,423,5,1869309.0,8618775.0,39126586.0
2021-06-18,18698.0,0.0,468,3,1814734.0,8673350.0,39209865.0
2021-06-19,14964.0,0.0,417,4,1880138.0,8607946.0,35422932.0
2021-06-20,14037.0,0.0,323,3,1980645.0,8507439.0,30585679.0
2021-06-21,10294.0,0.0,209,8,1855450.0,8632634.0,38865122.0
2021-06-22,12097.0,0.0,325,3,1866260.0,8621824.0,35310343.0
2021-06-23,16985.0,0.0,484,4,1877934.0,8610150.0,36939791.0
2021-06-24,17830.0,0.0,434,1,1870614.0,8617470.0,40011718.0
2021-06-25,17737.0,0.0,420,11,1798646.0,8689438.0,39432408.0
2021-06-26,13549.0,0.0,433,9,1899738.0,8588346.0,35432319.0
2021-06-27,13901.0,0.0,330,1,2018721.0,8469363.0,33421969.0
2021-06-28,10217.0,0.0,226,3,1885991.0,8602093.0,39931801.0
2021-06-29,11132.0,0.0,416,2,1915961.0,8572123.0,37169724.0
2021-06-30,371155.0,0.0,449,4,1889040.0,8599044.0,39491092.0
2021-07-01,18031.0,0.0,518,5,1855834.0,8632250.0,40213206.0
2021-07-02,21312.0,0.0,501,7,1810830.0,8677254.0,40551678.0
2021-07-03,10967.0,0.0,520,5,1851638.0,8636446.0,40548981.0
2021-07-04,8624.0,0.0,453,2,2016533.0,8471551.0,38151127.0
2021-07-05,12125.0,0.0,303,3,1927597.0,8560487.0,43636194.0
2021-07-06,8567.0,0.0,283,2,2021473.0,8466611.0,37461813.0
2021-07-07,13851.0,0.0,676,8,1921287.0,8566797.0,39860038.0
2021-07-08,14679.0,0.0,783,4,1900870.0,8587214.0,42703602.0
2021-07-09,16830.0,0.0,718,4,1830994.0,8657090.0,42873647.0
2021-07-10,13377.0,0.0,741,6,1920570.0,8567514.0,39438442.0
2021-07-11,11086.0,0.0,682,4,2079012.0,8409072.0,34170741.0
2021-07-12,12342.0,0.0,533,3,1939219.0,8548865.0,40892800.0
2021-07-13,12824.0,0.0,886,3,1914111.0,8573973.0,41606445.0
2021-07-14,14983.0,0.0,1065,6,1950948.0,8537136.0,38949748.0
2021-07-15,17058.0,0.0,1102,4,1919473.0,8568611.0,40512171.0
2021-07-16,17685.0,0.0,1218,6,1867028.0,8621056.0,41487900.0
2021-07-17,13731.0,0.0,1228,7,1938460.0,8549624.0,38030826.0
2021-07-18,12027.0,0.0,943,4,2047137.0,8440947.0,33762160.0
2021-07-19,15312.0,0.0,780,2,1937457.0,8550627.0,39822420.0
2021-07-20,18990.0,0.0,1376,8,1882721.0,8605363.0,43310719.0
2021-07-21,21180.0,0.0,1734,6,1916001.0,8572083.0,41394099.0
2021-07-22,23372.0,0.0,1913,8,2007085.0,8480999.0,35093599.0
2021-07-23,23015.0,0.0,2266,11,1871523.0,8616561.0,40279682.0
2021-07-24,25801.0,0.0,2213,10,1957926.0,8530158.0,37488977.0
2021-07-25,18748.0,0.0,1758,11,2060094.0,8427990.0,33498903.0
2021-07-26,21832.0,0.0,1575,9,1912944.0,8575140.0,40857672.0
2021-07-27,22385.0,0.0,2526,15,1925056.0,8563028.0,41276824.0
2021-07-28,26690.0,0.0,3203,10,1975953.0,8512131.0,38329770.0
2021-07-29,31062.0,0.0,3570,17,1920942.0,8567142.0,42009923.0
2021-07-30,34552.0,0.0,3549,10,1855191.0,8632893.0,42185947.0
2021-07-31,26995.0,0.0,3621,14,1955921.0,8532163.0,38740965.0
2021-08-01,25127.0,0.0,2967,18,2074205.0,8413879.0,34332609.0
2021-08-02,28698.0,0.0,2166,13,1895838.0,8592246.0,40944404.0
2021-08-03,25164.0,0.0,3270,15,1892720.0,8595364.0,41492726.0
2021-08-04,31471.0,0.0,4183,19,1840421.0,8647663.0,44421620.0
2021-08-05,33111.0,0.0,4937,17,2026573.0,8461511.0,37121028.0
2021-08-06,33981.0,0.0,4734,28,1826469.0,8661615.0,41839103.0
2021-08-07,36333.0,0.0,5029,18,1973962.0,8514122.0,38311301.0
2021-08-08,24396.0,0.0,3762,18,2147904.0,8340180.0,34644434.0
2021-08-09,23655.0,0.0,3012,18,1948353.0,8539731.0,41696062.0
2021-08-10,25008.0,0.0,4380,19,1869224.0,8618860.0,41606546.0
2021-08-11,28082.0,0.0,5479,32,1911451.0,8576633.0,40461969.0
2021-08-12,36075.0,0.0,6643,31,1920185.0,8567899.0,33888308.0
2021-08-13,35359.0,122.0,6160,37,1868614.0,8619470.0,41478634.0
2021-08-14,39635.0,348.0,5870,31,1915193.0,8572891.0,38574891.0
2021-08-15,17176.0,302.0,4879,34,1982693.0,8505391.0,30629927.0
2021-08-16,36759.0,947.0,3543,41,1913866.0,8574218.0,40727526.0
2021-08-17,28494.0,1258.0,4812,43,1929482.0,8558602.0,40659762.0
2021-08-18,36081.0,1594.0,6081,57,2014486.0,8473598.0,38260390.0
2021-08-19,37691.0,1775.0,6989,37,1886777.0,8601307.0,41426312.0
2021-08-20,38892.0,1918.0,6693,37,1865091.0,8622993.0,41836371.0
2021-08-21,29872.0,825.0,6569,59,1937228.0,8550856.0,38443199.0
2021-08-22,23928.0,267.0,5486,45,2098016.0,8390068.0,34005336.0
2021-08-23,28317.0,1449.0,4544,58,1951566.0,8536518.0,41261099.0
2021-08-24,38054.0,1919.0,5902,64,1857650.0,8630434.0,37672041.0
2021-08-25,34194.0,2141.0,7940,55,1861924.0,8626160.0,36692204.0
2021-08-26,36323.0,2724.0,8197,48,1897650.0,8590434.0,34121234.0
2021-08-27,39808.0,2572.0,7946,67,1827538.0,8660546.0,38188815.0
2021-08-28,31308.0,1132.0,8056,68,1906213.0,8581871.0,33753834.0
2021-08-29,26813.0,246.0,6178,58,1982689.0,8505395.0,30859767.0
2021-08-30,29935.0,1964.0,4687,70,1849049.0,8639035.0,36001883.0
2021-08-31,27948.0,2380.0,6828,61,1872197.0,8615887.0,38776756.0
2021-09-01,34278.0,2755.0,7498,81,1962116.0,8525968.0,36651871.0
2021-09-02,34731.0,2729.0,8780,69,2004686.0,8483398.0,35011815.0
2021-09-03,48656.0,2612.0,8647,74,1947225.0,8540859.0,36000665.0
2021-09-04,27178.0,428.0,7981,85,1866477.0,8621607.0,40954596.0
2021-09-05,23819.0,187.0,6274,74,1940685.0,8547399.0,41292237.0
2021-09-06,11658.0,145.0,5189,65,2028040.0,8460044.0,36924128.0
2021-09-07,20660.0,2237.0,3823,68,1903073.0,8585011.0,39002833.0
2021-09-08,29304.0,2034.0,5372,69,1884703.0,8603381.0,39135416.0
2021-09-09,39817.0,2248.0,7807,69,1851045.0,8637039.0,35219960.0
2021-09-10,35052.0,2171.0,8323,66,1771775.0,8716309.0,36906892.0
2021-09-11,25672.0,556.0,8075,82,1940468.0,8547616.0,36972140.0
2021-09-12,24943.0,219.0,6135,66,2025421.0,8462663.0,34202456.0
2021-09-13,22215.0,1341.0,4799,83,1880278.0,8607806.0,37652501.0
2021-09-14,24750.0,1687.0,6275,84,1989092.0,8498992.0,38024687.0
2021-09-15,25624.0,1728.0,6898,81,1887125.0,8600959.0,43296204.0
2021-09-16,25771.0,1887.0,7872,73,1917345.0,8570739.0,42112631.0
2021-09-17,27516.0,1847.0,7203,80,1791739.0,8696345.0,38429195.0
2021-09-18,20551.0,401.0,5953,69,1940055.0,8548029.0,38635595.0
2021-09-19,21360.0,216.0,4928,60,2079362.0,8408722.0,33862565.0
2021-09-20,19033.0,1473.0,3701,67,1923453.0,8564631.0,35948131.0
2021-09-21,17843.0,1856.0,5576,60,1940637.0,8547447.0,37768943.0
2021-09-22,21441.0,1810.0,5290,57,1903186.0,8584898.0,34914238.0
2021-09-23,22056.0,2336.0,6280,65,1901726.0,8586358.0,36865676.0
2021-09-24,25781.0,5176.0,5506,77,1852915.0,8635169.0,37592065.0
2021-09-25,27523.0,2915.0,5281,66,1922919.0,8565165.0,33509636.0
2021-09-26,21016.0,1587.0,4208,69,2026824.0,8461260.0,28549463.0
2021-09-27,51527.0,8479.0,2688,64,1932874.0,8555210.0,35622254.0
2021-09-28,31584.0,12503.0,3971,60,1946352.0,8541732.0,35627402.0
2021-09-29,42897.0,11783.0,4417,70,1937831.0,8550253.0,34753637.0
2021-09-30,37870.0,13634.0,5043,60,1946607.0,8541477.0,34954716.0
2021-10-01,37647.0,14675.0,4270,57,1903428.0,8584656.0,37666358.0
2021-10-02,22747.0,3898.0,4751,52,1970936.0,8517148.0,33098621.0
2021-10-03,22576.0,1542.0,2969,68,2007601.0,8480483.0,30723055.0
2021-10-04,26463.0,9912.0,2216,56,1894326.0,8593758.0,39029678.0
2021-10-05,24921.0,11831.0,2843,65,1882526.0,8605558.0,36391627.0
2021-10-06,51886.0,13274.0,3604,51,1890256.0,8597828.0,35820760.0
2021-10-07,28749.0,13161.0,3861,43,1942892.0,8545192.0,40625366.0
2021-10-08,32459.0,13208.0,4252,49,1906062.0,8582022.0,41572893.0
2021-10-09,23810.0,3503.0,3417,58,1948942.0,8539142.0,36521068.0
2021-10-10,18638.0,1396.0,2562,37,2057235.0,8430849.0,36553419.0
2021-10-11,22436.0,8674.0,1574,40,1877629.0,8610455.0,42389584.0
2021-10-12,33311.0,10699.0,2413,44,1957477.0,8530607.0,38980949.0
2021-10-13,25974.0,10408.0,3123,55,1916297.0,8571787.0,41036339.0
2021-10-14,28642.0,11085.0,3274,39,1909990.0,8578094.0,42926539.0
2021-10-15,28306.0,11370.0,3048,41,1934180.0,8553904.0,42929416.0
2021-10-16,17917.0,4545.0,2578,37,1942732.0,8545352.0,40377549.0
2021-10-17,15484.0,1430.0,1951,43,2078035.0,8410049.0,38379103.0
2021-10-18,25282.0,7673.0,1363,46,1855114.0,8632970.0,43232507.0
2021-10-19,20181.0,9633.0,1859,40,1918387.0,8569697.0,40690738.0
2021-10-20,23404.0,9603.0,2453,52,1931231.0,8556853.0,43070316.0
2021-10-21,22969.0,10111.0,2442,33,1913224.0,8574860.0,41696085.0
2021-10-22,47428.0,14746.0,2249,29,1877260.0,8610824.0,45274483.0
2021-10-23,26868.0,5589.0,1928,36,1982889.0,8505195.0,40555597.0
2021-10-24,22860.0,3054.0,1586,33,2021636.0,8466448.0,35971797.0
2021-10-25,39743.0,17599.0,1172,33,1875514.0,8612570.0,46737951.0
2021-10-26,39044.0,22593.0,1620,29,1924194.0,8563890.0,44397245.0
2021-10-27,63521.0,22802.0,2262,33,1936221.0,8551863.0,40828826.0
2021-10-28,44902.0,25044.0,2200,25,1919073.0,8569011.0,43291348.0
2021-10-29,45578.0,356007.0,1998,28,1876059.0,8612025.0,45725439.0
2021-10-30,36091.0,32056.0,1819,28,1941491.0,8546593.0,41526802.0
2021-10-31,26265.0,23815.0,1281,28,1985339.0,8502745.0,37120466.0
2021-11-01,51329.0,28508.0,946,22,1900234.0,8587850.0,45158540.0
2021-11-02,35715.0,26396.0,1460,25,1930987.0,8557097.0,45985771.0
2021-11-03,40755.0,36837.0,1876,27,1916051.0,8572033.0,44639041.0
2021-11-04,43069.0,41895.0,2003,20,1899995.0,8588089.0,43509283.0
2021-11-05,31943.0,46852.0,1823,26,1880641.0,8607443.0,45606196.0
2021-11-06,41521.0,30219.0,1697,21,1930508.0,8557576.0,42397023.0
2021-11-07,28048.0,23723.0,1359,19,1622228.0,8865856.0,26916182.0
2021-11-08,43075.0,25519.0,1003,16,1970469.0,8517615.0,42509460.0
2021-11-09,43207.0,23622.0,1495,22,1942523.0,8545561.0,44456487.0
2021-11-10,53552.0,35226.0,2073,16,1908048.0,8580036.0,45846924.0
2021-11-11,55688.0,30773.0,2048,14,1923169.0,8564915.0,44987576.0
2021-11-12,58330.0,41076.0,1911,22,1877477.0,8610607.0,46073022.0
2021-11-13,48972.0,21472.0,1645,19,1965595.0,8522489.0,41433851.0
2021-11-14,33048.0,21548.0,1745,10,2025140.0,8462944.0,37578107.0
2021-11-15,40874.0,23982.0,1205,9,1899449.0,8588635.0,46600322.0
2021-11-16,67910.0,25482.0,1705,18,1883762.0,8604322.0,45811671.0
2021-11-17,64280.0,33549.0,2253,20,1892494.0,8595590.0,46979772.0
2021-11-18,48323.0,39331.0,2339,19,1936912.0,8551172.0,42639575.0
2021-11-19,50886.0,39273.0,2437,23,1879711.0,8608373.0,45514886.0
2021-11-20,43596.0,26585.0,2114,17,1922280.0,8565804.0,42614758.0
2021-11-21,24102.0,8125.0,1637,19,2089229.0,8398855.0,35339543.0
2021-11-22,36031.0,20399.0,1296,20,1939602.0,8548482.0,43649174.0
2021-11-23,36722.0,23780.0,1745,18,1924826.0,8563258.0,44297961.0
2021-11-24,84152.0,29997.0,2294,20,1844238.0,8643846.0,47374684.0
2021-11-25,92.0,44.0,2244,14,1842694.0,8645390.0,47445788.0
2021-11-26,19768.0,8105.0,1566,20,1902384.0,8585700.0,43815021.0
2021-11-27,13621.0,4697.0,1072,18,1890894.0,8597190.0,44937809.0
2021-11-28,9092.0,3028.0,1544,28,1942179.0,8545905.0,44098331.0
2021-11-29,74111.0,44656.0,1609,16,1908186.0,8579898.0,45244664.0
2021-11-30,55843.0,64262.0,2430,12,1967003.0,8521081.0,42438177.0
2021-12-01,41372.0,33391.0,3394,15,1926486.0,8561598.0,42390798.0
2021-12-02,50743.0,42416.0,3856,19,1889606.0,8598478.0,45028868.0
2021-12-03,52954.0,45603.0,3784,17,1855379.0,8632705.0,45992340.0
2021-12-04,64811.0,31293.0,3260,21,1889683.0,8598401.0,43567698.0
2021-12-05,23175.0,9636.0,2504,22,1998308.0,8489776.0,39351507.0
2021-12-06,32115.0,19734.0,2019,20,1906342.0,8581742.0,45076390.0
2021-12-07,53721.0,51706.0,2668,21,1894709.0,8593375.0,46095042.0
2021-12-08,43380.0,34594.0,3294,15,1862153.0,8625931.0,46443971.0
2021-12-09,45981.0,39950.0,4181,27,1896908.0,8591176.0,44269618.0
2021-12-10,48430.0,39873.0,3679,29,1850638.0,8637446.0,46497625.0
2021-12-11,67943.0,28107.0,3363,16,1874705.0,8613379.0,42420304.0
2021-12-12,20556.0,8637.0,2690,18,2020822.0,8467262.0,39224704.0
2021-12-13,28282.0,17356.0,1964,17,1934158.0,8553926.0,42740939.0
2021-12-14,36460.0,24018.0,2922,28,1916634.0,8571450.0,44518608.0
2021-12-15,39734.0,30536.0,3822,34,1827417.0,8660667.0,46051910.0
2021-12-16,60374.0,57758.0,4183,24,1872727.0,8615357.0,43708693.0
2021-12-17,45889.0,36376.0,4044,26,1853666.0,8634418.0,45095833.0
2021-12-18,37573.0,26955.0,4115,26,1905140.0,8582944.0,41642477.0
2021-12-19,30475.0,22941.0,3410,19,1958400.0,8529684.0,40594221.0
2021-12-20,39402.0,29147.0,2761,27,1946899.0,8541185.0,40967778.0
2021-12-21,43474.0,27465.0,3868,22,1834527.0,8653557.0,46010055.0
2021-12-22,70371.0,35952.0,5277,33,1841022.0,8647062.0,46237616.0
2021-12-23,58874.0,32799.0,6973,36,1899234.0,8588850.0,41908489.0
2021-12-24,35862.0,22549.0,7299,28,1891722.0,8596362.0,42023025.0
2021-12-25,12933.0,13439.0,6900,30,1851558.0,8636526.0,44581823.0
2021-12-26,14422.0,9326.0,4863,28,1891714.0,8596370.0,44693994.0
2021-12-27,26727.0,12917.0,4256,27,1911908.0,8576176.0,42298451.0
2021-12-28,35022.0,18957.0,7305,30,1930507.0,8557577.0,41034579.0
2021-12-29,39198.0,24133.0,15065,33,1855573.0,8632511.0,44943174.0
2021-12-30,43014.0,29911.0,19881,23,1824779.0,8663305.0,46873702.0
2021-12-31,50495.0,21988.0,21792,35,1899385.0,8588699.0,41788710.0
2022-01-01,17708.0,15508.0,21163,22,1918321.0,8569763.0,41232149.0
2022-01-02,9118.0,3084.0,11967,34,1873621.0,8614463.0,44772100.0
2022-01-03,32362.0,19858.0,12504,50,1827833.0,8660251.0,46900677.0
2022-01-04,30165.0,17323.0,17327,48,1916624.0,8571460.0,42214959.0
2022-01-05,34307.0,23381.0,24412,48,1995998.0,8492086.0,38872076.0
2022-01-06,36369.0,28137.0,29229,64,1870101.0,8617983.0,43968750.0
2022-01-07,63996.0,33857.0,31802,60,1887146.0,8600938.0,43806042.0
2022-01-08,32845.0,23191.0,32483,68,1896729.0,8591355.0,42651027.0
2022-01-09,26874.0,18583.0,22302,66,2031407.0,8456677.0,37982553.0
2022-01-10,27954.0,20043.0,17781,59,1898126.0,8589958.0,44687563.0
2022-01-11,28824.0,19213.0,26374,71,1848297.0,8639787.0,40105645.0
2022-01-12,29098.0,22449.0,32885,71,1912028.0,8576056.0,43556336.0
2022-01-13,39307.0,27002.0,38998,66,1846532.0,8641552.0,43194931.0
2022-01-14,32906.0,27507.0,37871,72,1939367.0,8548717.0,41413724.0
2022-01-15,26364.0,19132.0,38212,88,1946357.0,8541727.0,40297959.0
2022-01-16,14882.0,13063.0,35962,78,1895845.0,8592239.0,43291230.0
2022-01-17,13944.0,10543.0,22506,79,2067793.0,8420291.0,35910139.0
2022-01-18,15391.0,11332.0,18730,64,1925932.0,8562152.0,41544950.0
2022-01-19,81166.0,12804.0,24327,97,1834505.0,8653579.0,45812384.0
2022-01-20,27076.0,16058.0,36472,82,1852498.0,8635586.0,42993916.0
2022-01-21,18240.0,13207.0,38337,95,1849251.0,8638833.0,41917149.0
2022-01-22,14524.0,13079.0,35907,80,1958027.0,8530057.0,41681726.0
2022-01-23,11649.0,9858.0,20372,80,2016486.0,8471598.0,39083343.0
2022-01-24,13035.0,9225.0,11601,109,1870949.0,8617135.0,41814967.0
2022-01-25,13111.0,8988.0,17764,111,1906127.0,8581957.0,41456883.0
2022-01-26,18719.0,12525.0,22858,122,1913523.0,8574561.0,42466530.0
2022-01-27,16959.0,13200.0,25490,96,1839376.0,8648708.0,46545321.0
2022-01-28,18779.0,14708.0,21517,108,1859350.0,8628734.0,41769940.0
2022-01-29,13535.0,9317.0,19800,120,1952408.0,8535676.0,37485736.0
2022-01-30,11402.0,8444.0,11759,102,1969575.0,8518509.0,37765941.0
2022-01-31,11547.0,8138.0,7374,91,1867142.0,8620942.0,42843171.0
2022-02-01,11509.0,6906.0,9942,86,1848339.0,8639745.0,43540684.0
2022-02-02,13652.0,9853.0,13833,75,1840025.0,8648059.0,43828734.0
2022-02-03,25132.0,11256.0,13783,83,1830775.0,8657309.0,42581329.0
2022-02-04,14443.0,10785.0,11328,119,1770676.0,8717408.0,41896471.0
2022-02-05,13568.0,8868.0,9934,132,1912989.0,8575095.0,38920681.0
